OriginLat,OriginLon,DestinationLat,DestinationLon
40.651163100000005,-75.44225386838299,35.21074145,-80.9457435226013
32.407743749999995,-99.67936992920886,32.89651945,-97.0465220537124
31.5339678,-84.19254493414799,33.63779875,-84.42927118585675
41.255823899999996,-70.05803775405849,40.642947899999996,-73.7793733748521
57.7535941,-152.5136697,61.18103525,-149.99789189730433
35.2208033,-101.70973292853489,32.84524055,-96.84732187569065
61.18103525,-149.99789189730433,58.6753166,-156.6493870251819
61.18103525,-149.99789189730433,71.28620995,-156.77500248341514
45.07879025,-83.5599967583827,42.205699100000004,-83.35297537621658
39.2208967,-106.86697301509874,33.94216754999999,-118.42139298414197
33.63779875,-84.42927118585675,31.329273649999998,-92.54095486627727
33.63779875,-84.42927118585675,42.748015949999996,-73.79855563763934
33.63779875,-84.42927118585675,39.2208967,-106.86697301509874
33.63779875,-84.42927118585675,45.78359005,-111.15697962783483
33.63779875,-84.42927118585675,40.9152061,-81.43992419328089
33.63779875,-84.42927118585675,35.032383550000006,-85.20167788785842
33.63779875,-84.42927118585675,41.534549299999995,-93.65923944589736
33.63779875,-84.42927118585675,44.47848805,-88.14362007159838
33.63779875,-84.42927118585675,34.8954456,-82.21722845651891
33.63779875,-84.42927118585675,33.4956744,-88.4272627
33.63779875,-84.42927118585675,40.4844693,-107.220936
33.63779875,-84.42927118585675,29.9841416,-95.33298595614491
33.63779875,-84.42927118585675,34.27353635,-77.90953507173883
33.63779875,-84.42927118585675,40.7757145,-73.87336398511545
33.63779875,-84.42927118585675,35.04625645,-89.97689466513185
33.63779875,-84.42927118585675,41.97795725,-87.90920910980722
33.63779875,-84.42927118585675,40.49178275,-80.23702448873742
33.63779875,-84.42927118585675,41.8239891,-71.4128343
33.63779875,-84.42927118585675,27.395988350000003,-82.55407423064528
33.63779875,-84.42927118585675,36.19914,-95.8867383912098
33.63779875,-84.42927118585675,44.7606441,-85.6165301
30.19348925,-97.66500963529677,36.11958985,-86.68308703291842
30.19348925,-97.66500963529677,41.406618550000005,-81.85120214358412
30.19348925,-97.66500963529677,31.8092748,-106.36664263248113
30.19348925,-97.66500963529677,38.8950368,-77.0365427
30.19348925,-97.66500963529677,37.7120907,-122.21450262406256
30.19348925,-97.66500963529677,41.97795725,-87.90920910980722
35.4364233,-82.54088095049624,33.63779875,-84.42927118585675
41.764582,-72.6908547,33.63779875,-84.42927118585675
41.764582,-72.6908547,36.0861034,-115.16111989849915
41.764582,-72.6908547,44.878019050000006,-93.2209280537696
41.764582,-72.6908547,41.97795725,-87.90920910980722
41.764582,-72.6908547,35.880361449999995,-78.78723821716514
33.563500000000005,-86.75151249023227,42.205699100000004,-83.35297537621658
33.563500000000005,-86.75151249023227,36.0861034,-115.16111989849915
33.563500000000005,-86.75151249023227,40.7757145,-73.87336398511545
33.563500000000005,-86.75151249023227,25.7949789,-80.28672341095405
33.563500000000005,-86.75151249023227,44.878019050000006,-93.2209280537696
46.7964145,-100.8196359,39.8606676,-104.68536732610298
40.4733557,-88.91480264613926,42.205699100000004,-83.35297537621658
40.4733557,-88.91480264613926,28.412903550000003,-81.30944309752753
36.11958985,-86.68308703291842,39.19764875,-76.68258351960611
36.11958985,-86.68308703291842,35.21074145,-80.9457435226013
36.11958985,-86.68308703291842,26.072017000000002,-80.15099673135214
36.11958985,-86.68308703291842,35.04625645,-89.97689466513185
36.11958985,-86.68308703291842,25.7949789,-80.28672341095405
36.11958985,-86.68308703291842,32.7174202,-117.1627728
36.11958985,-86.68308703291842,29.5334021,-98.46921443046924
42.3554334,-71.060511,39.19764875,-76.68258351960611
42.3554334,-71.060511,39.1014537,-84.5124602
42.3554334,-71.060511,39.8606676,-104.68536732610298
42.3554334,-71.060511,39.7162533,-86.29508388539975
42.3554334,-71.060511,40.642947899999996,-73.7793733748521
42.3554334,-71.060511,36.0861034,-115.16111989849915
42.3554334,-71.060511,35.04625645,-89.97689466513185
42.3554334,-71.060511,44.878019050000006,-93.2209280537696
29.938360000000003,-93.98706961182776,32.89651945,-97.0465220537124
18.49346055,-67.13421586611547,28.412903550000003,-81.30944309752753
30.5319743,-91.15042415051039,38.8950368,-77.0365427
30.5319743,-91.15042415051039,35.04625645,-89.97689466513185
44.472896500000004,-73.15146310750751,41.97795725,-87.90920910980722
42.9402016,-78.73075229745353,39.19764875,-76.68258351960611
42.9402016,-78.73075229745353,26.53294975,-81.75880562612211
39.19764875,-76.68258351960611,33.63779875,-84.42927118585675
39.19764875,-76.68258351960611,39.1014537,-84.5124602
39.19764875,-76.68258351960611,39.8606676,-104.68536732610298
39.19764875,-76.68258351960611,42.9632405,-85.6678639
39.19764875,-76.68258351960611,40.78964545,-73.09731499551691
39.19764875,-76.68258351960611,41.7854316,-87.75084869357148
39.19764875,-76.68258351960611,47.4475673,-122.3080158569515
45.78359005,-111.15697962783483,33.94216754999999,-118.42139298414197
33.93886305,-81.1139715103596,33.63779875,-84.42927118585675
40.9152061,-81.43992419328089,33.63779875,-84.42927118585675
40.9152061,-81.43992419328089,40.7757145,-73.87336398511545
41.8528065,-124.14986198309553,38.687223450000005,-121.5903702806319
35.032383550000006,-85.20167788785842,42.205699100000004,-83.35297537621658
32.89929845,-80.03946503050427,33.63779875,-84.42927118585675
32.89929845,-80.03946503050427,41.406618550000005,-81.85120214358412
41.406618550000005,-81.85120214358412,39.1014537,-84.5124602
41.406618550000005,-81.85120214358412,39.8606676,-104.68536732610298
41.406618550000005,-81.85120214358412,34.8954456,-82.21722845651891
41.406618550000005,-81.85120214358412,29.9841416,-95.33298595614491
41.406618550000005,-81.85120214358412,39.7162533,-86.29508388539975
41.406618550000005,-81.85120214358412,39.3023103,-94.72118991743454
41.406618550000005,-81.85120214358412,26.715364,-80.0532942
41.406618550000005,-81.85120214358412,39.875018,-75.23521278969667
41.406618550000005,-81.85120214358412,47.4475673,-122.3080158569515
41.406618550000005,-81.85120214358412,18.465299,-66.116666
41.406618550000005,-81.85120214358412,43.1141752,-76.11914451143608
30.63009225,-96.33683659611643,29.9841416,-95.33298595614491
35.21074145,-80.9457435226013,32.89929845,-80.03946503050427
35.21074145,-80.9457435226013,34.9921371,-78.88416820521829
35.21074145,-80.9457435226013,39.7162533,-86.29508388539975
35.21074145,-80.9457435226013,25.7949789,-80.28672341095405
35.21074145,-80.9457435226013,33.680640600000004,-78.92905970872894
35.21074145,-80.9457435226013,41.2587459,-95.9383758
35.21074145,-80.9457435226013,26.715364,-80.0532942
35.21074145,-80.9457435226013,33.43289075,-112.00942230268426
35.21074145,-80.9457435226013,43.1161699,-77.67269338979611
35.21074145,-80.9457435226013,18.465299,-66.116666
35.21074145,-80.9457435226013,27.395988350000003,-82.55407423064528
35.21074145,-80.9457435226013,18.33476905,-64.9724536459818
35.21074145,-80.9457435226013,43.1141752,-76.11914451143608
39.99705605,-82.89304061484347,32.89651945,-97.0465220537124
39.99705605,-82.89304061484347,40.642947899999996,-73.7793733748521
39.99705605,-82.89304061484347,25.7949789,-80.28672341095405
38.8004299,-104.70327708699932,33.63779875,-84.42927118585675
38.8004299,-104.70327708699932,41.97795725,-87.90920910980722
38.8004299,-104.70327708699932,32.7174202,-117.1627728
38.8004299,-104.70327708699932,47.4475673,-122.3080158569515
38.8004299,-104.70327708699932,37.622451999999996,-122.38398938548363
42.9054165,-106.46452637926663,39.8606676,-104.68536732610298
27.7702374,-97.50657535472868,29.9841416,-95.33298595614491
38.3727111,-81.7073326,38.8950368,-77.0365427
32.51660405,-84.94200790181375,32.89651945,-97.0465220537124
39.1014537,-84.5124602,41.764582,-72.6908547
39.1014537,-84.5124602,40.68906405,-74.17725485035348
39.1014537,-84.5124602,41.97795725,-87.90920910980722
32.84524055,-96.84732187569065,29.9841416,-95.33298595614491
32.84524055,-96.84732187569065,37.649253,-97.43226330309298
32.84524055,-96.84732187569065,29.5334021,-98.46921443046924
39.905318699999995,-84.22024542480268,33.63779875,-84.42927118585675
38.8950368,-77.0365427,40.68906405,-74.17725485035348
38.8950368,-77.0365427,41.97795725,-87.90920910980722
39.8606676,-104.68536732610298,35.037669449999996,-106.61096752176844
39.8606676,-104.68536732610298,61.18103525,-149.99789189730433
39.8606676,-104.68536732610298,30.19348925,-97.66500963529677
39.8606676,-104.68536732610298,40.4733557,-88.91480264613926
39.8606676,-104.68536732610298,41.406618550000005,-81.85120214358412
39.8606676,-104.68536732610298,35.21074145,-80.9457435226013
39.8606676,-104.68536732610298,64.81761,-147.86784231862563
39.8606676,-104.68536732610298,44.290635,-105.501876
39.8606676,-104.68536732610298,47.4800263,-111.37557897482165
39.8606676,-104.68536732610298,21.32040435,-157.9173135198164
39.8606676,-104.68536732610298,34.63699305,-86.76383388377238
39.8606676,-104.68536732610298,29.9841416,-95.33298595614491
39.8606676,-104.68536732610298,39.6796715,-75.60763354194484
39.8606676,-104.68536732610298,28.412903550000003,-81.30944309752753
39.8606676,-104.68536732610298,33.83033915,-116.50964534531111
39.8606676,-104.68536732610298,44.0448069,-103.06068012445681
39.8606676,-104.68536732610298,34.4221319,-119.702667
39.8606676,-104.68536732610298,38.1716962,-85.73540756381095
39.8606676,-104.68536732610298,47.4475673,-122.3080158569515
39.8606676,-104.68536732610298,37.622451999999996,-122.38398938548363
39.8606676,-104.68536732610298,32.4451121,-93.82673715989384
39.8606676,-104.68536732610298,37.3633278,-121.92933857603218
39.8606676,-104.68536732610298,38.687223450000005,-121.5903702806319
39.8606676,-104.68536732610298,33.67420559999999,-117.86801480770461
32.89651945,-97.0465220537124,31.612728500000003,-97.22484008866283
32.89651945,-97.0465220537124,35.2208033,-101.70973292853489
32.89651945,-97.0465220537124,33.563500000000005,-86.75151249023227
32.89651945,-97.0465220537124,35.032383550000006,-85.20167788785842
32.89651945,-97.0465220537124,41.534549299999995,-93.65923944589736
32.89651945,-97.0465220537124,36.776006,-119.71974456209355
32.89651945,-97.0465220537124,39.123415800000004,-108.52444920306618
32.89651945,-97.0465220537124,29.7589382,-95.3676974
32.89651945,-97.0465220537124,35.04625645,-89.97689466513185
32.89651945,-97.0465220537124,29.9759983,-90.0782127
32.89651945,-97.0465220537124,41.97795725,-87.90920910980722
32.89651945,-97.0465220537124,45.58902115,-122.5935717503766
32.89651945,-97.0465220537124,30.4725975,-87.18808592919096
32.89651945,-97.0465220537124,38.1716962,-85.73540756381095
32.89651945,-97.0465220537124,47.4475673,-122.3080158569515
32.89651945,-97.0465220537124,31.35468635,-100.49862454938886
32.89651945,-97.0465220537124,40.790066100000004,-111.97989846185591
32.89651945,-97.0465220537124,32.351909649999996,-95.40208756061571
32.89651945,-97.0465220537124,30.5085309,-86.5027282
41.534549299999995,-93.65923944589736,40.68906405,-74.17725485035348
42.205699100000004,-83.35297537621658,44.25659495,-88.52169598755702
42.205699100000004,-83.35297537621658,42.2106484,-75.9815509339948
42.205699100000004,-83.35297537621658,46.490586,-84.359269
42.205699100000004,-83.35297537621658,44.47848805,-88.14362007159838
42.205699100000004,-83.35297537621658,42.9632405,-85.6678639
42.205699100000004,-83.35297537621658,42.9461717,-87.9138891
42.205699100000004,-83.35297537621658,39.875018,-75.23521278969667
31.8092748,-106.36664263248113,30.19348925,-97.66500963529677
31.8092748,-106.36664263248113,32.84524055,-96.84732187569065
31.8092748,-106.36664263248113,36.0861034,-115.16111989849915
44.123068149999995,-123.21390830141057,45.58902115,-122.5935717503766
44.123068149999995,-123.21390830141057,37.622451999999996,-122.38398938548363
40.68906405,-74.17725485035348,39.19764875,-76.68258351960611
40.68906405,-74.17725485035348,39.99705605,-82.89304061484347
40.68906405,-74.17725485035348,39.905318699999995,-84.22024542480268
40.68906405,-74.17725485035348,26.072017000000002,-80.15099673135214
40.68906405,-74.17725485035348,43.6087926,-110.73803248494762
40.68906405,-74.17725485035348,30.49375,-81.69303816083792
40.68906405,-74.17725485035348,32.7174202,-117.1627728
40.68906405,-74.17725485035348,32.12423765,-81.19770644774445
40.68906405,-74.17725485035348,40.790066100000004,-111.97989846185591
40.68906405,-74.17725485035348,38.74962725,-90.37047024952082
40.68906405,-74.17725485035348,18.33476905,-64.9724536459818
40.68906405,-74.17725485035348,27.9791649,-82.5349276153517
24.5554773,-81.75961603475078,28.412903550000003,-81.30944309752753
24.5554773,-81.75961603475078,25.7949789,-80.28672341095405
24.5554773,-81.75961603475078,29.9759983,-90.0782127
24.5554773,-81.75961603475078,27.9791649,-82.5349276153517
46.9208925,-96.81448802996968,39.8606676,-104.68536732610298
36.776006,-119.71974456209355,33.94216754999999,-118.42139298414197
34.9921371,-78.88416820521829,33.63779875,-84.42927118585675
26.072017000000002,-80.15099673135214,33.63779875,-84.42927118585675
26.072017000000002,-80.15099673135214,30.19348925,-97.66500963529677
26.072017000000002,-80.15099673135214,39.19764875,-76.68258351960611
26.072017000000002,-80.15099673135214,41.8239891,-71.4128343
26.072017000000002,-80.15099673135214,37.5073698,-77.3336845
26.072017000000002,-80.15099673135214,37.622451999999996,-122.38398938548363
43.58273465,-96.74120311335915,33.63779875,-84.42927118585675
43.58273465,-96.74120311335915,35.04625645,-89.97689466513185
35.3392525,-94.35697826263008,32.89651945,-97.0465220537124
47.620044050000004,-117.54236665513882,44.878019050000006,-93.2209280537696
39.123415800000004,-108.52444920306618,29.9841416,-95.33298595614491
29.69230675,-82.27600055013724,33.63779875,-84.42927118585675
44.47848805,-88.14362007159838,42.205699100000004,-83.35297537621658
42.9632405,-85.6678639,40.68906405,-74.17725485035348
42.9632405,-85.6678639,44.7606441,-85.6165301
35.9824519,-79.9741745,41.97795725,-87.90920910980722
34.8954456,-82.21722845651891,35.21074145,-80.9457435226013
34.8954456,-82.21722845651891,28.412903550000003,-81.30944309752753
40.4844693,-107.220936,33.94216754999999,-118.42139298414197
21.32040435,-157.9173135198164,48.79368955,-122.53595690761102
21.32040435,-157.9173135198164,39.8606676,-104.68536732610298
29.7589382,-95.3676974,34.7311092,-92.22457817801748
29.7589382,-95.3676974,41.7854316,-87.75084869357148
29.7589382,-95.3676974,39.875018,-75.23521278969667
29.7589382,-95.3676974,36.19914,-95.8867383912098
41.0680174,-73.70833333823488,28.412903550000003,-81.30944309752753
34.63699305,-86.76383388377238,38.8950368,-77.0365427
34.63699305,-86.76383388377238,41.97795725,-87.90920910980722
38.8950368,-77.0365427,39.99705605,-82.89304061484347
38.8950368,-77.0365427,38.3727111,-81.7073326
38.8950368,-77.0365427,30.49375,-81.69303816083792
38.8950368,-77.0365427,40.642947899999996,-73.7793733748521
38.8950368,-77.0365427,41.7854316,-87.75084869357148
38.8950368,-77.0365427,30.4725975,-87.18808592919096
38.8950368,-77.0365427,37.5073698,-77.3336845
38.8950368,-77.0365427,47.4475673,-122.3080158569515
29.9841416,-95.33298595614491,35.037669449999996,-106.61096752176844
29.9841416,-95.33298595614491,61.18103525,-149.99789189730433
29.9841416,-95.33298595614491,39.8606676,-104.68536732610298
29.9841416,-95.33298595614491,34.8954456,-82.21722845651891
29.9841416,-95.33298595614491,34.7311092,-92.22457817801748
29.9841416,-95.33298595614491,38.687223450000005,-121.5903702806319
29.9841416,-95.33298595614491,32.11237945,-110.93938747808727
37.649253,-97.43226330309298,33.63779875,-84.42927118585675
37.649253,-97.43226330309298,32.89651945,-97.0465220537124
37.649253,-97.43226330309298,29.9841416,-95.33298595614491
39.6796715,-75.60763354194484,26.53294975,-81.75880562612211
39.7162533,-86.29508388539975,29.9841416,-95.33298595614491
39.7162533,-86.29508388539975,36.0861034,-115.16111989849915
39.7162533,-86.29508388539975,28.412903550000003,-81.30944309752753
39.7162533,-86.29508388539975,40.790066100000004,-111.97989846185591
39.7162533,-86.29508388539975,27.9791649,-82.5349276153517
19.718830599999997,-155.04755391447696,20.89569785,-156.43404764122727
35.65830415,-117.8302215121642,33.94216754999999,-118.42139298414197
43.6087926,-110.73803248494762,33.63779875,-84.42927118585675
30.49375,-81.69303816083792,36.0861034,-115.16111989849915
30.49375,-81.69303816083792,40.7757145,-73.87336398511545
40.642947899999996,-73.7793733748521,44.472896500000004,-73.15146310750751
40.642947899999996,-73.7793733748521,43.6087926,-110.73803248494762
40.642947899999996,-73.7793733748521,25.7949789,-80.28672341095405
40.642947899999996,-73.7793733748521,41.97795725,-87.90920910980722
40.642947899999996,-73.7793733748521,36.8946697,-76.20229629965002
40.642947899999996,-73.7793733748521,27.395988350000003,-82.55407423064528
19.743906,-156.0422959812206,33.43289075,-112.00942230268426
19.743906,-156.0422959812206,37.622451999999996,-122.38398938548363
36.0861034,-115.16111989849915,30.19348925,-97.66500963529677
36.0861034,-115.16111989849915,39.99705605,-82.89304061484347
36.0861034,-115.16111989849915,39.1014537,-84.5124602
36.0861034,-115.16111989849915,41.534549299999995,-93.65923944589736
36.0861034,-115.16111989849915,34.7311092,-92.22457817801748
36.0861034,-115.16111989849915,35.3848053,-97.60534425082406
36.0861034,-115.16111989849915,41.97795725,-87.90920910980722
36.0861034,-115.16111989849915,32.7174202,-117.1627728
36.0861034,-115.16111989849915,40.790066100000004,-111.97989846185591
34.569849500000004,-98.41812229900623,32.89651945,-97.0465220537124
33.94216754999999,-118.42139298414197,39.2208967,-106.86697301509874
33.94216754999999,-118.42139298414197,32.89651945,-97.0465220537124
33.94216754999999,-118.42139298414197,39.6425635,-106.917134720113
33.94216754999999,-118.42139298414197,39.7162533,-86.29508388539975
33.94216754999999,-118.42139298414197,19.743906,-156.0422959812206
33.94216754999999,-118.42139298414197,28.412903550000003,-81.30944309752753
33.94216754999999,-118.42139298414197,25.7949789,-80.28672341095405
33.94216754999999,-118.42139298414197,40.49178275,-80.23702448873742
33.94216754999999,-118.42139298414197,35.237491399999996,-120.64331992943252
33.66525745,-101.82668866739934,39.8606676,-104.68536732610298
33.66525745,-101.82668866739934,29.9841416,-95.33298595614491
30.2072293,-93.2061609,29.9841416,-95.33298595614491
40.7757145,-73.87336398511545,33.563500000000005,-86.75151249023227
40.7757145,-73.87336398511545,36.11958985,-86.68308703291842
40.7757145,-73.87336398511545,38.029306,-78.4766781
40.7757145,-73.87336398511545,39.1014537,-84.5124602
40.7757145,-73.87336398511545,41.534549299999995,-93.65923944589736
40.7757145,-73.87336398511545,35.9824519,-79.9741745
40.7757145,-73.87336398511545,36.8946697,-76.20229629965002
40.7757145,-73.87336398511545,43.6610277,-70.2548596
40.7757145,-73.87336398511545,26.53294975,-81.75880562612211
40.7757145,-73.87336398511545,38.1716962,-85.73540756381095
33.815565899999996,-118.15342922166721,30.19348925,-97.66500963529677
33.815565899999996,-118.15342922166721,40.642947899999996,-73.7793733748521
33.815565899999996,-118.15342922166721,40.790066100000004,-111.97989846185591
21.97206585,-159.33671538390365,39.8606676,-104.68536732610298
34.7311092,-92.22457817801748,35.04625645,-89.97689466513185
42.156436549999995,-121.7327761549667,45.58902115,-122.5935717503766
27.547214750000002,-99.46147398713819,29.9841416,-95.33298595614491
31.9370282,-102.4154247,39.8606676,-104.68536732610298
39.3023103,-94.72118991743454,41.406618550000005,-81.85120214358412
39.3023103,-94.72118991743454,39.1014537,-84.5124602
39.3023103,-94.72118991743454,32.84524055,-96.84732187569065
39.3023103,-94.72118991743454,39.8606676,-104.68536732610298
39.3023103,-94.72118991743454,29.9841416,-95.33298595614491
39.3023103,-94.72118991743454,42.9461717,-87.9138891
39.3023103,-94.72118991743454,37.7120907,-122.21450262406256
39.3023103,-94.72118991743454,45.58902115,-122.5935717503766
39.3023103,-94.72118991743454,37.622451999999996,-122.38398938548363
39.3023103,-94.72118991743454,40.790066100000004,-111.97989846185591
39.3023103,-94.72118991743454,27.9791649,-82.5349276153517
28.412903550000003,-81.30944309752753,39.19764875,-76.68258351960611
28.412903550000003,-81.30944309752753,38.8168307,-92.2198931
28.412903550000003,-81.30944309752753,39.905318699999995,-84.22024542480268
28.412903550000003,-81.30944309752753,42.9607553,-83.74563177999201
28.412903550000003,-81.30944309752753,34.8954456,-82.21722845651891
28.412903550000003,-81.30944309752753,39.6796715,-75.60763354194484
28.412903550000003,-81.30944309752753,35.04625645,-89.97689466513185
28.412903550000003,-81.30944309752753,42.93066555,-71.43882646608829
28.412903550000003,-81.30944309752753,40.49178275,-80.23702448873742
28.412903550000003,-81.30944309752753,41.8239891,-71.4128343
28.412903550000003,-81.30944309752753,37.622451999999996,-122.38398938548363
28.412903550000003,-81.30944309752753,40.276411949999996,-74.81321108368704
40.193209800000005,-76.75294587287746,42.205699100000004,-83.35297537621658
40.193209800000005,-76.75294587287746,40.7757145,-73.87336398511545
41.7854316,-87.75084869357148,42.748015949999996,-73.79855563763934
41.7854316,-87.75084869357148,40.9152061,-81.43992419328089
41.7854316,-87.75084869357148,34.8954456,-82.21722845651891
41.7854316,-87.75084869357148,34.7311092,-92.22457817801748
41.7854316,-87.75084869357148,35.04625645,-89.97689466513185
41.7854316,-87.75084869357148,35.3848053,-97.60534425082406
41.7854316,-87.75084869357148,36.8946697,-76.20229629965002
41.7854316,-87.75084869357148,45.58902115,-122.5935717503766
41.7854316,-87.75084869357148,41.8239891,-71.4128343
41.7854316,-87.75084869357148,27.9791649,-82.5349276153517
35.04625645,-89.97689466513185,33.563500000000005,-86.75151249023227
35.04625645,-89.97689466513185,40.68906405,-74.17725485035348
35.04625645,-89.97689466513185,28.412903550000003,-81.30944309752753
32.29656065,-86.39039567484974,33.63779875,-84.42927118585675
42.93066555,-71.43882646608829,40.7757145,-73.87336398511545
42.93066555,-71.43882646608829,28.412903550000003,-81.30944309752753
42.93066555,-71.43882646608829,39.875018,-75.23521278969667
25.7949789,-80.28672341095405,36.11958985,-86.68308703291842
25.7949789,-80.28672341095405,32.89929845,-80.03946503050427
25.7949789,-80.28672341095405,42.205699100000004,-83.35297537621658
25.7949789,-80.28672341095405,38.74962725,-90.37047024952082
25.7949789,-80.28672341095405,30.39782605,-84.35908394368526
25.7949789,-80.28672341095405,27.9791649,-82.5349276153517
42.9461717,-87.9138891,44.25659495,-88.52169598755702
42.9461717,-87.9138891,39.8606676,-104.68536732610298
42.9461717,-87.9138891,26.072017000000002,-80.15099673135214
41.44772135,-90.51146650735623,42.205699100000004,-83.35297537621658
41.44772135,-90.51146650735623,44.878019050000006,-93.2209280537696
30.69214065,-88.24115749066226,33.63779875,-84.42927118585675
30.69214065,-88.24115749066226,30.40711375,-89.07143302103171
48.25794645,-101.27700504346882,44.878019050000006,-93.2209280537696
36.58705795,-121.84193978436595,33.43289075,-112.00942230268426
36.58705795,-121.84193978436595,37.622451999999996,-122.38398938548363
44.878019050000006,-93.2209280537696,44.25659495,-88.52169598755702
44.878019050000006,-93.2209280537696,43.55988165,-116.20782253098173
44.878019050000006,-93.2209280537696,42.3554334,-71.060511
44.878019050000006,-93.2209280537696,39.19764875,-76.68258351960611
44.878019050000006,-93.2209280537696,42.205699100000004,-83.35297537621658
44.878019050000006,-93.2209280537696,47.620044050000004,-117.54236665513882
44.878019050000006,-93.2209280537696,48.1465457,-103.621814
44.878019050000006,-93.2209280537696,43.6087926,-110.73803248494762
44.878019050000006,-93.2209280537696,40.84731465,-96.75744255958236
44.878019050000006,-93.2209280537696,48.25794645,-101.27700504346882
44.878019050000006,-93.2209280537696,40.6652029,-89.69682574521849
44.878019050000006,-93.2209280537696,41.8239891,-71.4128343
44.878019050000006,-93.2209280537696,29.5334021,-98.46921443046924
44.878019050000006,-93.2209280537696,37.3633278,-121.92933857603218
44.878019050000006,-93.2209280537696,40.790066100000004,-111.97989846185591
44.878019050000006,-93.2209280537696,32.11237945,-110.93938747808727
29.9759983,-90.0782127,39.1014537,-84.5124602
29.9759983,-90.0782127,39.8606676,-104.68536732610298
29.9759983,-90.0782127,42.205699100000004,-83.35297537621658
29.9759983,-90.0782127,40.68906405,-74.17725485035348
33.680640600000004,-78.92905970872894,35.21074145,-80.9457435226013
37.7120907,-122.21450262406256,40.790066100000004,-111.97989846185591
20.89569785,-156.43404764122727,38.687223450000005,-121.5903702806319
35.3848053,-97.60534425082406,41.7854316,-87.75084869357148
41.2587459,-95.9383758,33.94216754999999,-118.42139298414197
34.05414245,-117.59915769373036,40.790066100000004,-111.97989846185591
41.97795725,-87.90920910980722,41.764582,-72.6908547
41.97795725,-87.90920910980722,42.9402016,-78.73075229745353
41.97795725,-87.90920910980722,45.78359005,-111.15697962783483
41.97795725,-87.90920910980722,33.93886305,-81.1139715103596
41.97795725,-87.90920910980722,39.99705605,-82.89304061484347
41.97795725,-87.90920910980722,38.8950368,-77.0365427
41.97795725,-87.90920910980722,31.8092748,-106.36664263248113
41.97795725,-87.90920910980722,46.9208925,-96.81448802996968
41.97795725,-87.90920910980722,40.9798288,-85.18791163159256
41.97795725,-87.90920910980722,42.9461717,-87.9138891
41.97795725,-87.90920910980722,41.44772135,-90.51146650735623
41.97795725,-87.90920910980722,45.58902115,-122.5935717503766
41.97795725,-87.90920910980722,40.6652029,-89.69682574521849
41.97795725,-87.90920910980722,30.4725975,-87.18808592919096
41.97795725,-87.90920910980722,27.395988350000003,-82.55407423064528
41.97795725,-87.90920910980722,36.19914,-95.8867383912098
36.8946697,-76.20229629965002,39.19764875,-76.68258351960611
36.8946697,-76.20229629965002,42.205699100000004,-83.35297537621658
36.8946697,-76.20229629965002,40.642947899999996,-73.7793733748521
26.715364,-80.0532942,33.63779875,-84.42927118585675
26.715364,-80.0532942,38.8950368,-77.0365427
26.715364,-80.0532942,40.78964545,-73.09731499551691
45.58902115,-122.5935717503766,29.9841416,-95.33298595614491
45.58902115,-122.5935717503766,33.43289075,-112.00942230268426
45.58902115,-122.5935717503766,47.4475673,-122.3080158569515
37.132296499999995,-76.49401292414504,40.7757145,-73.87336398511545
39.875018,-75.23521278969667,33.63779875,-84.42927118585675
39.875018,-75.23521278969667,30.19348925,-97.66500963529677
39.875018,-75.23521278969667,41.406618550000005,-81.85120214358412
39.875018,-75.23521278969667,29.9841416,-95.33298595614491
39.875018,-75.23521278969667,39.7162533,-86.29508388539975
39.875018,-75.23521278969667,28.412903550000003,-81.30944309752753
39.875018,-75.23521278969667,42.93066555,-71.43882646608829
39.875018,-75.23521278969667,29.9759983,-90.0782127
39.875018,-75.23521278969667,36.8946697,-76.20229629965002
39.875018,-75.23521278969667,37.5073698,-77.3336845
39.875018,-75.23521278969667,38.687223450000005,-121.5903702806319
33.43289075,-112.00942230268426,61.18103525,-149.99789189730433
33.43289075,-112.00942230268426,33.63779875,-84.42927118585675
33.43289075,-112.00942230268426,32.89651945,-97.0465220537124
33.43289075,-112.00942230268426,42.205699100000004,-83.35297537621658
33.43289075,-112.00942230268426,29.9841416,-95.33298595614491
33.43289075,-112.00942230268426,39.7162533,-86.29508388539975
33.43289075,-112.00942230268426,34.7311092,-92.22457817801748
33.43289075,-112.00942230268426,20.89569785,-156.43404764122727
33.43289075,-112.00942230268426,36.19914,-95.8867383912098
33.43289075,-112.00942230268426,32.11237945,-110.93938747808727
40.6652029,-89.69682574521849,42.205699100000004,-83.35297537621658
40.6652029,-89.69682574521849,44.878019050000006,-93.2209280537696
40.49178275,-80.23702448873742,32.89651945,-97.0465220537124
40.49178275,-80.23702448873742,42.205699100000004,-83.35297537621658
40.49178275,-80.23702448873742,40.642947899999996,-73.7793733748521
40.49178275,-80.23702448873742,33.43289075,-112.00942230268426
30.4725975,-87.18808592919096,35.21074145,-80.9457435226013
46.1729122,-119.0697308,40.790066100000004,-111.97989846185591
33.83033915,-116.50964534531111,32.89651945,-97.0465220537124
33.83033915,-116.50964534531111,40.642947899999996,-73.7793733748521
33.83033915,-116.50964534531111,47.4475673,-122.3080158569515
41.8239891,-71.4128343,38.8950368,-77.0365427
41.8239891,-71.4128343,36.0861034,-115.16111989849915
41.8239891,-71.4128343,27.9791649,-82.5349276153517
44.0448069,-103.06068012445681,48.1465457,-103.621814
44.0448069,-103.06068012445681,40.790066100000004,-111.97989846185591
35.880361449999995,-78.78723821716514,35.21074145,-80.9457435226013
35.880361449999995,-78.78723821716514,39.99705605,-82.89304061484347
35.880361449999995,-78.78723821716514,39.1014537,-84.5124602
35.880361449999995,-78.78723821716514,39.875018,-75.23521278969667
35.880361449999995,-78.78723821716514,40.790066100000004,-111.97989846185591
37.5073698,-77.3336845,44.878019050000006,-93.2209280537696
41.59507585,-109.06842143015916,44.290635,-105.501876
39.498646199999996,-119.77333186086474,33.94216754999999,-118.42139298414197
39.498646199999996,-119.77333186086474,47.4475673,-122.3080158569515
43.1161699,-77.67269338979611,41.406618550000005,-81.85120214358412
26.53294975,-81.75880562612211,41.406618550000005,-81.85120214358412
26.53294975,-81.75880562612211,42.9461717,-87.9138891
29.5334021,-98.46921443046924,36.0861034,-115.16111989849915
29.5334021,-98.46921443046924,33.94216754999999,-118.42139298414197
34.4221319,-119.702667,33.94216754999999,-118.42139298414197
35.237491399999996,-120.64331992943252,33.43289075,-112.00942230268426
35.237491399999996,-120.64331992943252,37.622451999999996,-122.38398938548363
70.19515995,-148.46482215877188,71.28620995,-156.77500248341514
40.7944504,-77.8616386,42.205699100000004,-83.35297537621658
47.4475673,-122.3080158569515,39.19764875,-76.68258351960611
47.4475673,-122.3080158569515,41.406618550000005,-81.85120214358412
47.4475673,-122.3080158569515,42.205699100000004,-83.35297537621658
47.4475673,-122.3080158569515,33.94216754999999,-118.42139298414197
47.4475673,-122.3080158569515,39.498646199999996,-119.77333186086474
47.4475673,-122.3080158569515,34.4221319,-119.702667
47.4475673,-122.3080158569515,40.790066100000004,-111.97989846185591
37.622451999999996,-122.38398938548363,43.55988165,-116.20782253098173
37.622451999999996,-122.38398938548363,19.718830599999997,-155.04755391447696
37.622451999999996,-122.38398938548363,29.9759983,-90.0782127
37.622451999999996,-122.38398938548363,41.2587459,-95.9383758
37.622451999999996,-122.38398938548363,38.687223450000005,-121.5903702806319
37.622451999999996,-122.38398938548363,38.74962725,-90.37047024952082
37.622451999999996,-122.38398938548363,32.11237945,-110.93938747808727
37.0342442,-113.50901654550276,39.8606676,-104.68536732610298
37.0342442,-113.50901654550276,33.94216754999999,-118.42139298414197
57.047680549999995,-135.36319363134277,58.3566191,-134.58019300175383
37.3633278,-121.92933857603218,19.743906,-156.0422959812206
37.3633278,-121.92933857603218,21.97206585,-159.33671538390365
37.3633278,-121.92933857603218,20.89569785,-156.43404764122727
37.3633278,-121.92933857603218,34.05414245,-117.59915769373036
37.3633278,-121.92933857603218,41.97795725,-87.90920910980722
37.3633278,-121.92933857603218,45.58902115,-122.5935717503766
18.465299,-66.116666,41.764582,-72.6908547
18.465299,-66.116666,42.205699100000004,-83.35297537621658
18.465299,-66.116666,28.412903550000003,-81.30944309752753
18.465299,-66.116666,18.33476905,-64.9724536459818
40.790066100000004,-111.97989846185591,61.18103525,-149.99789189730433
40.790066100000004,-111.97989846185591,39.1014537,-84.5124602
40.790066100000004,-111.97989846185591,44.123068149999995,-123.21390830141057
40.790066100000004,-111.97989846185591,46.9208925,-96.81448802996968
40.790066100000004,-111.97989846185591,29.9841416,-95.33298595614491
40.790066100000004,-111.97989846185591,39.7162533,-86.29508388539975
40.790066100000004,-111.97989846185591,44.878019050000006,-93.2209280537696
40.790066100000004,-111.97989846185591,37.7120907,-122.21450262406256
40.790066100000004,-111.97989846185591,44.2165084,-121.2150324
40.790066100000004,-111.97989846185591,35.880361449999995,-78.78723821716514
40.790066100000004,-111.97989846185591,38.687223450000005,-121.5903702806319
40.790066100000004,-111.97989846185591,38.74962725,-90.37047024952082
38.687223450000005,-121.5903702806319,34.19629105,-118.35441727681797
38.687223450000005,-121.5903702806319,32.89651945,-97.0465220537124
38.687223450000005,-121.5903702806319,20.89569785,-156.43404764122727
38.687223450000005,-121.5903702806319,45.58902115,-122.5935717503766
38.687223450000005,-121.5903702806319,33.43289075,-112.00942230268426
33.67420559999999,-117.86801480770461,33.63779875,-84.42927118585675
33.67420559999999,-117.86801480770461,45.58902115,-122.5935717503766
33.67420559999999,-117.86801480770461,33.43289075,-112.00942230268426
33.67420559999999,-117.86801480770461,37.622451999999996,-122.38398938548363
39.843686149999996,-89.67956594615978,41.97795725,-87.90920910980722
34.15719,-119.199293,14.483027,121.0310882
38.74962725,-90.37047024952082,36.11958985,-86.68308703291842
38.74962725,-90.37047024952082,39.19764875,-76.68258351960611
38.74962725,-90.37047024952082,41.406618550000005,-81.85120214358412
38.74962725,-90.37047024952082,38.8950368,-77.0365427
38.74962725,-90.37047024952082,32.7174202,-117.1627728
38.74962725,-90.37047024952082,29.5334021,-98.46921443046924
38.74962725,-90.37047024952082,27.9791649,-82.5349276153517
18.33476905,-64.9724536459818,33.63779875,-84.42927118585675
18.33476905,-64.9724536459818,25.7949789,-80.28672341095405
43.1141752,-76.11914451143608,41.406618550000005,-81.85120214358412
43.1141752,-76.11914451143608,35.21074145,-80.9457435226013
30.39782605,-84.35908394368526,33.63779875,-84.42927118585675
27.9791649,-82.5349276153517,41.406618550000005,-81.85120214358412
27.9791649,-82.5349276153517,39.1014537,-84.5124602
27.9791649,-82.5349276153517,32.89651945,-97.0465220537124
27.9791649,-82.5349276153517,39.7162533,-86.29508388539975
27.9791649,-82.5349276153517,25.7949789,-80.28672341095405
36.19914,-95.8867383912098,29.7589382,-95.3676974
36.19914,-95.8867383912098,33.94216754999999,-118.42139298414197
32.11237945,-110.93938747808727,33.43289075,-112.00942230268426
44.7606441,-85.6165301,33.63779875,-84.42927118585675
44.7606441,-85.6165301,42.205699100000004,-83.35297537621658
32.351909649999996,-95.40208756061571,32.89651945,-97.0465220537124
30.77831025,-83.2780341085929,33.63779875,-84.42927118585675
30.5085309,-86.5027282,33.63779875,-84.42927118585675
56.4839528,-132.36889739256793,56.80197975,-132.94493105430846
36.0625843,-94.1574328,32.89651945,-97.0465220537124
35.037669449999996,-106.61096752176844,41.97795725,-87.90920910980722
31.329273649999998,-92.54095486627727,32.89651945,-97.0465220537124
33.37230205,-81.9650639098103,33.63779875,-84.42927118585675
42.748015949999996,-73.79855563763934,40.68906405,-74.17725485035348
42.748015949999996,-73.79855563763934,44.878019050000006,-93.2209280537696
42.557709700000004,-92.3940615771661,41.97795725,-87.90920910980722
35.2208033,-101.70973292853489,39.8606676,-104.68536732610298
61.18103525,-149.99789189730433,51.7961654,-176.5734916431957
61.18103525,-149.99789189730433,29.9841416,-95.33298595614491
61.18103525,-149.99789189730433,58.3566191,-134.58019300175383
61.18103525,-149.99789189730433,19.743906,-156.0422959812206
61.18103525,-149.99789189730433,64.5124643,-165.4560373774767
39.2208967,-106.86697301509874,33.63779875,-84.42927118585675
33.63779875,-84.42927118585675,40.651163100000005,-75.44225386838299
33.63779875,-84.42927118585675,33.37230205,-81.9650639098103
33.63779875,-84.42927118585675,30.19348925,-97.66500963529677
33.63779875,-84.42927118585675,40.4733557,-88.91480264613926
33.63779875,-84.42927118585675,31.259811,-81.4639706620112
33.63779875,-84.42927118585675,35.21074145,-80.9457435226013
33.63779875,-84.42927118585675,38.3727111,-81.7073326
33.63779875,-84.42927118585675,39.1014537,-84.5124602
33.63779875,-84.42927118585675,39.8606676,-104.68536732610298
33.63779875,-84.42927118585675,38.04188775,-87.5296839642167
33.63779875,-84.42927118585675,24.5554773,-81.75961603475078
33.63779875,-84.42927118585675,35.9824519,-79.9741745
33.63779875,-84.42927118585675,42.93066555,-71.43882646608829
33.63779875,-84.42927118585675,30.4725975,-87.18808592919096
33.63779875,-84.42927118585675,43.1161699,-77.67269338979611
33.63779875,-84.42927118585675,18.465299,-66.116666
30.19348925,-97.66500963529677,32.89651945,-97.0465220537124
30.19348925,-97.66500963529677,36.0861034,-115.16111989849915
41.764582,-72.6908547,39.1014537,-84.5124602
41.764582,-72.6908547,42.205699100000004,-83.35297537621658
41.764582,-72.6908547,25.7949789,-80.28672341095405
41.764582,-72.6908547,26.53294975,-81.75880562612211
41.764582,-72.6908547,18.465299,-66.116666
35.3738712,-119.0194639,39.8606676,-104.68536732610298
33.563500000000005,-86.75151249023227,33.63779875,-84.42927118585675
33.563500000000005,-86.75151249023227,32.84524055,-96.84732187569065
33.563500000000005,-86.75151249023227,32.89651945,-97.0465220537124
33.563500000000005,-86.75151249023227,28.412903550000003,-81.30944309752753
45.809234849999996,-108.54767517885944,41.97795725,-87.90920910980722
36.527800049999996,-93.19781657947979,33.63779875,-84.42927118585675
48.79368955,-122.53595690761102,20.89569785,-156.43404764122727
40.4733557,-88.91480264613926,33.63779875,-84.42927118585675
40.4733557,-88.91480264613926,39.8606676,-104.68536732610298
36.11958985,-86.68308703291842,42.3554334,-71.060511
36.11958985,-86.68308703291842,40.7757145,-73.87336398511545
36.11958985,-86.68308703291842,41.7854316,-87.75084869357148
36.11958985,-86.68308703291842,36.8946697,-76.20229629965002
42.3554334,-71.060511,33.63779875,-84.42927118585675
42.3554334,-71.060511,38.8950368,-77.0365427
42.3554334,-71.060511,26.072017000000002,-80.15099673135214
42.3554334,-71.060511,29.7589382,-95.3676974
42.3554334,-71.060511,29.9841416,-95.33298595614491
42.3554334,-71.060511,39.3023103,-94.72118991743454
42.3554334,-71.060511,47.4475673,-122.3080158569515
42.3554334,-71.060511,37.3633278,-121.92933857603218
18.49346055,-67.13421586611547,40.68906405,-74.17725485035348
25.916283999999997,-97.41935535662694,32.89651945,-97.0465220537124
25.916283999999997,-97.41935535662694,29.9841416,-95.33298595614491
42.9402016,-78.73075229745353,26.072017000000002,-80.15099673135214
42.9402016,-78.73075229745353,44.878019050000006,-93.2209280537696
42.9402016,-78.73075229745353,41.97795725,-87.90920910980722
34.19629105,-118.35441727681797,33.43289075,-112.00942230268426
34.19629105,-118.35441727681797,38.687223450000005,-121.5903702806319
39.19764875,-76.68258351960611,33.563500000000005,-86.75151249023227
39.19764875,-76.68258351960611,42.9402016,-78.73075229745353
39.19764875,-76.68258351960611,39.905318699999995,-84.22024542480268
39.19764875,-76.68258351960611,29.9841416,-95.33298595614491
39.19764875,-76.68258351960611,39.7162533,-86.29508388539975
39.19764875,-76.68258351960611,40.642947899999996,-73.7793733748521
39.19764875,-76.68258351960611,28.412903550000003,-81.30944309752753
39.19764875,-76.68258351960611,25.7949789,-80.28672341095405
39.19764875,-76.68258351960611,26.715364,-80.0532942
39.19764875,-76.68258351960611,43.6610277,-70.2548596
39.19764875,-76.68258351960611,32.7174202,-117.1627728
39.19764875,-76.68258351960611,37.622451999999996,-122.38398938548363
33.93886305,-81.1139715103596,40.68906405,-74.17725485035348
33.93886305,-81.1139715103596,38.8950368,-77.0365427
37.7003,-113.0986,40.790066100000004,-111.97989846185591
60.49175165,-145.4738853571373,59.500813550000004,-139.64408083356284
35.032383550000006,-85.20167788785842,33.63779875,-84.42927118585675
32.89929845,-80.03946503050427,38.8950368,-77.0365427
39.793971549999995,-121.8547755058414,37.622451999999996,-122.38398938548363
46.490586,-84.359269,42.205699100000004,-83.35297537621658
41.406618550000005,-81.85120214358412,33.63779875,-84.42927118585675
41.406618550000005,-81.85120214358412,44.472896500000004,-73.15146310750751
41.406618550000005,-81.85120214358412,32.89929845,-80.03946503050427
41.406618550000005,-81.85120214358412,38.8950368,-77.0365427
41.406618550000005,-81.85120214358412,40.7757145,-73.87336398511545
35.21074145,-80.9457435226013,42.748015949999996,-73.79855563763934
35.21074145,-80.9457435226013,41.764582,-72.6908547
35.21074145,-80.9457435226013,39.19764875,-76.68258351960611
35.21074145,-80.9457435226013,29.181643899999997,-81.05426943447691
35.21074145,-80.9457435226013,38.8950368,-77.0365427
35.21074145,-80.9457435226013,42.205699100000004,-83.35297537621658
35.21074145,-80.9457435226013,40.68906405,-74.17725485035348
35.21074145,-80.9457435226013,35.9824519,-79.9741745
35.21074145,-80.9457435226013,38.8950368,-77.0365427
35.21074145,-80.9457435226013,32.3629733,-90.8403955
35.21074145,-80.9457435226013,38.03480425,-84.60492174770525
35.21074145,-80.9457435226013,28.412903550000003,-81.30944309752753
35.21074145,-80.9457435226013,38.74962725,-90.37047024952082
39.99705605,-82.89304061484347,28.412903550000003,-81.30944309752753
39.99705605,-82.89304061484347,35.04625645,-89.97689466513185
38.8004299,-104.70327708699932,33.94216754999999,-118.42139298414197
38.8004299,-104.70327708699932,40.790066100000004,-111.97989846185591
38.8168307,-92.2198931,33.63779875,-84.42927118585675
39.1014537,-84.5124602,33.63779875,-84.42927118585675
39.1014537,-84.5124602,35.04625645,-89.97689466513185
39.1014537,-84.5124602,35.880361449999995,-78.78723821716514
44.7727172,-89.66716494412262,41.97795725,-87.90920910980722
32.84524055,-96.84732187569065,35.037669449999996,-106.61096752176844
39.905318699999995,-84.22024542480268,32.89651945,-97.0465220537124
39.905318699999995,-84.22024542480268,28.412903550000003,-81.30944309752753
38.8950368,-77.0365427,41.764582,-72.6908547
38.8950368,-77.0365427,29.7589382,-95.3676974
38.8950368,-77.0365427,35.880361449999995,-78.78723821716514
38.8950368,-77.0365427,32.7174202,-117.1627728
38.8950368,-77.0365427,38.74962725,-90.37047024952082
39.8606676,-104.68536732610298,35.2208033,-101.70973292853489
39.8606676,-104.68536732610298,33.30591455,-111.6526441150196
39.8606676,-104.68536732610298,41.764582,-72.6908547
39.8606676,-104.68536732610298,33.563500000000005,-86.75151249023227
39.8606676,-104.68536732610298,36.527800049999996,-93.19781657947979
39.8606676,-104.68536732610298,34.19629105,-118.35441727681797
39.8606676,-104.68536732610298,39.19764875,-76.68258351960611
39.8606676,-104.68536732610298,42.205699100000004,-83.35297537621658
39.8606676,-104.68536732610298,43.58273465,-96.74120311335915
39.8606676,-104.68536732610298,47.620044050000004,-117.54236665513882
39.8606676,-104.68536732610298,37.649253,-97.43226330309298
39.8606676,-104.68536732610298,48.1465457,-103.621814
39.8606676,-104.68536732610298,43.6087926,-110.73803248494762
39.8606676,-104.68536732610298,19.743906,-156.0422959812206
39.8606676,-104.68536732610298,36.0861034,-115.16111989849915
39.8606676,-104.68536732610298,33.66525745,-101.82668866739934
39.8606676,-104.68536732610298,34.7311092,-92.22457817801748
39.8606676,-104.68536732610298,40.84731465,-96.75744255958236
39.8606676,-104.68536732610298,41.44772135,-90.51146650735623
39.8606676,-104.68536732610298,44.878019050000006,-93.2209280537696
39.8606676,-104.68536732610298,34.05414245,-117.59915769373036
39.8606676,-104.68536732610298,40.6652029,-89.69682574521849
39.8606676,-104.68536732610298,39.498646199999996,-119.77333186086474
39.8606676,-104.68536732610298,37.24298375,-93.3889140611615
39.8606676,-104.68536732610298,27.9791649,-82.5349276153517
39.8606676,-104.68536732610298,44.7606441,-85.6165301
39.8606676,-104.68536732610298,35.9603948,-83.9210261
32.89651945,-97.0465220537124,36.11958985,-86.68308703291842
32.89651945,-97.0465220537124,39.19764875,-76.68258351960611
32.89651945,-97.0465220537124,30.63009225,-96.33683659611643
32.89651945,-97.0465220537124,35.21074145,-80.9457435226013
32.89651945,-97.0465220537124,38.8950368,-77.0365427
32.89651945,-97.0465220537124,39.8606676,-104.68536732610298
32.89651945,-97.0465220537124,38.8950368,-77.0365427
32.89651945,-97.0465220537124,39.7162533,-86.29508388539975
32.89651945,-97.0465220537124,34.7311092,-92.22457817801748
32.89651945,-97.0465220537124,41.44772135,-90.51146650735623
32.89651945,-97.0465220537124,26.53294975,-81.75880562612211
32.89651945,-97.0465220537124,32.7174202,-117.1627728
32.89651945,-97.0465220537124,37.24298375,-93.3889140611615
42.205699100000004,-83.35297537621658,42.748015949999996,-73.79855563763934
42.205699100000004,-83.35297537621658,30.19348925,-97.66500963529677
42.205699100000004,-83.35297537621658,40.4733557,-88.91480264613926
42.205699100000004,-83.35297537621658,36.11958985,-86.68308703291842
42.205699100000004,-83.35297537621658,39.99705605,-82.89304061484347
42.205699100000004,-83.35297537621658,39.8606676,-104.68536732610298
42.205699100000004,-83.35297537621658,42.084710349999995,-80.17447235134125
42.205699100000004,-83.35297537621658,34.63699305,-86.76383388377238
42.205699100000004,-83.35297537621658,42.442612,-76.4696039
42.205699100000004,-83.35297537621658,30.49375,-81.69303816083792
42.205699100000004,-83.35297537621658,36.0861034,-115.16111989849915
42.205699100000004,-83.35297537621658,40.193209800000005,-76.75294587287746
42.205699100000004,-83.35297537621658,42.93066555,-71.43882646608829
42.205699100000004,-83.35297537621658,25.7949789,-80.28672341095405
42.205699100000004,-83.35297537621658,44.878019050000006,-93.2209280537696
42.205699100000004,-83.35297537621658,32.7174202,-117.1627728
42.205699100000004,-83.35297537621658,41.708347950000004,-86.32303457180205
42.205699100000004,-83.35297537621658,44.7606441,-85.6165301
42.205699100000004,-83.35297537621658,36.0625843,-94.1574328
39.6425635,-106.917134720113,29.9841416,-95.33298595614491
31.8092748,-106.36664263248113,33.43289075,-112.00942230268426
44.123068149999995,-123.21390830141057,33.94216754999999,-118.42139298414197
40.68906405,-74.17725485035348,61.18103525,-149.99789189730433
40.68906405,-74.17725485035348,35.4364233,-82.54088095049624
40.68906405,-74.17725485035348,33.93886305,-81.1139715103596
40.68906405,-74.17725485035348,32.89929845,-80.03946503050427
40.68906405,-74.17725485035348,41.406618550000005,-81.85120214358412
40.68906405,-74.17725485035348,39.8606676,-104.68536732610298
40.68906405,-74.17725485035348,41.534549299999995,-93.65923944589736
40.68906405,-74.17725485035348,29.9841416,-95.33298595614491
40.68906405,-74.17725485035348,33.94216754999999,-118.42139298414197
40.68906405,-74.17725485035348,35.04625645,-89.97689466513185
40.68906405,-74.17725485035348,45.58902115,-122.5935717503766
40.68906405,-74.17725485035348,33.43289075,-112.00942230268426
40.68906405,-74.17725485035348,47.4475673,-122.3080158569515
64.81761,-147.86784231862563,61.18103525,-149.99789189730433
64.81761,-147.86784231862563,47.4475673,-122.3080158569515
46.9208925,-96.81448802996968,44.878019050000006,-93.2209280537696
48.202158,-114.315321,33.63779875,-84.42927118585675
26.072017000000002,-80.15099673135214,33.563500000000005,-86.75151249023227
26.072017000000002,-80.15099673135214,42.9402016,-78.73075229745353
26.072017000000002,-80.15099673135214,38.8950368,-77.0365427
26.072017000000002,-80.15099673135214,39.8606676,-104.68536732610298
26.072017000000002,-80.15099673135214,40.7757145,-73.87336398511545
26.072017000000002,-80.15099673135214,41.7854316,-87.75084869357148
26.072017000000002,-80.15099673135214,42.93066555,-71.43882646608829
26.072017000000002,-80.15099673135214,44.878019050000006,-93.2209280537696
26.072017000000002,-80.15099673135214,29.9759983,-90.0782127
42.9607553,-83.74563177999201,42.205699100000004,-83.35297537621658
42.9607553,-83.74563177999201,28.412903550000003,-81.30944309752753
43.58273465,-96.74120311335915,39.8606676,-104.68536732610298
35.3392525,-94.35697826263008,33.63779875,-84.42927118585675
47.620044050000004,-117.54236665513882,36.0861034,-115.16111989849915
32.4941317,-94.7277716,32.89651945,-97.0465220537124
39.123415800000004,-108.52444920306618,40.790066100000004,-111.97989846185591
42.9632405,-85.6678639,32.89651945,-97.0465220537124
42.9632405,-85.6678639,41.97795725,-87.90920910980722
35.9824519,-79.9741745,32.89651945,-97.0465220537124
35.9824519,-79.9741745,42.205699100000004,-83.35297537621658
35.9824519,-79.9741745,40.7757145,-73.87336398511545
35.9824519,-79.9741745,28.412903550000003,-81.30944309752753
34.8954456,-82.21722845651891,35.4364233,-82.54088095049624
34.8954456,-82.21722845651891,39.1014537,-84.5124602
34.8954456,-82.21722845651891,40.7757145,-73.87336398511545
47.4800263,-111.37557897482165,39.8606676,-104.68536732610298
40.4844693,-107.220936,39.8606676,-104.68536732610298
21.32040435,-157.9173135198164,-14.2754786,-170.7048298
21.32040435,-157.9173135198164,38.687223450000005,-121.5903702806319
29.7589382,-95.3676974,36.527800049999996,-93.19781657947979
29.7589382,-95.3676974,36.11958985,-86.68308703291842
29.7589382,-95.3676974,35.21074145,-80.9457435226013
29.7589382,-95.3676974,39.7162533,-86.29508388539975
29.7589382,-95.3676974,31.9370282,-102.4154247
29.7589382,-95.3676974,29.9759983,-90.0782127
29.7589382,-95.3676974,35.3848053,-97.60534425082406
29.7589382,-95.3676974,47.4475673,-122.3080158569515
41.0680174,-73.70833333823488,26.53294975,-81.75880562612211
38.8950368,-77.0365427,44.472896500000004,-73.15146310750751
38.8950368,-77.0365427,39.1014537,-84.5124602
38.8950368,-77.0365427,42.205699100000004,-83.35297537621658
38.8950368,-77.0365427,26.072017000000002,-80.15099673135214
38.8950368,-77.0365427,21.32040435,-157.9173135198164
38.8950368,-77.0365427,33.94216754999999,-118.42139298414197
38.8950368,-77.0365427,44.878019050000006,-93.2209280537696
38.8950368,-77.0365427,36.8946697,-76.20229629965002
38.8950368,-77.0365427,45.58902115,-122.5935717503766
38.8950368,-77.0365427,41.8239891,-71.4128343
38.8950368,-77.0365427,37.32442625,-79.97679739235411
38.8950368,-77.0365427,43.1161699,-77.67269338979611
38.8950368,-77.0365427,29.5334021,-98.46921443046924
38.8950368,-77.0365427,38.1716962,-85.73540756381095
38.8950368,-77.0365427,38.74962725,-90.37047024952082
29.9841416,-95.33298595614491,31.329273649999998,-92.54095486627727
29.9841416,-95.33298595614491,42.3554334,-71.060511
29.9841416,-95.33298595614491,39.19764875,-76.68258351960611
29.9841416,-95.33298595614491,41.406618550000005,-81.85120214358412
29.9841416,-95.33298595614491,32.89651945,-97.0465220537124
29.9841416,-95.33298595614491,41.534549299999995,-93.65923944589736
29.9841416,-95.33298595614491,31.8092748,-106.36664263248113
29.9841416,-95.33298595614491,30.40711375,-89.07143302103171
29.9841416,-95.33298595614491,32.3629733,-90.8403955
29.9841416,-95.33298595614491,37.5073698,-77.3336845
39.6796715,-75.60763354194484,27.9791649,-82.5349276153517
39.7162533,-86.29508388539975,33.63779875,-84.42927118585675
39.7162533,-86.29508388539975,39.8606676,-104.68536732610298
39.7162533,-86.29508388539975,38.8950368,-77.0365427
39.7162533,-86.29508388539975,40.642947899999996,-73.7793733748521
39.7162533,-86.29508388539975,44.878019050000006,-93.2209280537696
39.7162533,-86.29508388539975,33.43289075,-112.00942230268426
48.1465457,-103.621814,44.878019050000006,-93.2209280537696
32.3629733,-90.8403955,32.89651945,-97.0465220537124
32.3629733,-90.8403955,29.7589382,-95.3676974
32.3629733,-90.8403955,28.412903550000003,-81.30944309752753
32.3629733,-90.8403955,41.7854316,-87.75084869357148
30.49375,-81.69303816083792,36.8946697,-76.20229629965002
40.642947899999996,-73.7793733748521,29.9759983,-90.0782127
40.642947899999996,-73.7793733748521,39.875018,-75.23521278969667
40.642947899999996,-73.7793733748521,40.49178275,-80.23702448873742
40.642947899999996,-73.7793733748521,26.53294975,-81.75880562612211
40.642947899999996,-73.7793733748521,37.622451999999996,-122.38398938548363
55.353764749999996,-131.7083563288072,47.4475673,-122.3080158569515
55.353764749999996,-131.7083563288072,56.4839528,-132.36889739256793
36.0861034,-115.16111989849915,35.037669449999996,-106.61096752176844
36.0861034,-115.16111989849915,43.55988165,-116.20782253098173
36.0861034,-115.16111989849915,42.3554334,-71.060511
36.0861034,-115.16111989849915,42.205699100000004,-83.35297537621658
36.0861034,-115.16111989849915,36.776006,-119.71974456209355
36.0861034,-115.16111989849915,26.072017000000002,-80.15099673135214
36.0861034,-115.16111989849915,37.649253,-97.43226330309298
36.0861034,-115.16111989849915,30.49375,-81.69303816083792
36.0861034,-115.16111989849915,35.04625645,-89.97689466513185
36.0861034,-115.16111989849915,44.878019050000006,-93.2209280537696
36.0861034,-115.16111989849915,38.1716962,-85.73540756381095
33.94216754999999,-118.42139298414197,39.99705605,-82.89304061484347
33.94216754999999,-118.42139298414197,29.9841416,-95.33298595614491
33.94216754999999,-118.42139298414197,42.9461717,-87.9138891
33.94216754999999,-118.42139298414197,44.878019050000006,-93.2209280537696
33.94216754999999,-118.42139298414197,35.3848053,-97.60534425082406
33.94216754999999,-118.42139298414197,35.880361449999995,-78.78723821716514
33.94216754999999,-118.42139298414197,38.74962725,-90.37047024952082
33.66525745,-101.82668866739934,30.19348925,-97.66500963529677
30.2072293,-93.2061609,30.203161700000003,-91.98991065628175
38.03480425,-84.60492174770525,33.63779875,-84.42927118585675
38.03480425,-84.60492174770525,40.7757145,-73.87336398511545
40.7757145,-73.87336398511545,39.99705605,-82.89304061484347
40.7757145,-73.87336398511545,39.905318699999995,-84.22024542480268
40.7757145,-73.87336398511545,32.89651945,-97.0465220537124
40.7757145,-73.87336398511545,24.5554773,-81.75961603475078
40.7757145,-73.87336398511545,26.072017000000002,-80.15099673135214
40.7757145,-73.87336398511545,42.9461717,-87.9138891
40.7757145,-73.87336398511545,35.880361449999995,-78.78723821716514
40.7757145,-73.87336398511545,32.12423765,-81.19770644774445
33.815565899999996,-118.15342922166721,61.18103525,-149.99789189730433
33.815565899999996,-118.15342922166721,47.4475673,-122.3080158569515
21.97206585,-159.33671538390365,32.7174202,-117.1627728
34.7311092,-92.22457817801748,36.0861034,-115.16111989849915
34.7311092,-92.22457817801748,38.74962725,-90.37047024952082
31.9370282,-102.4154247,36.0861034,-115.16111989849915
39.3023103,-94.72118991743454,29.7589382,-95.3676974
39.3023103,-94.72118991743454,33.94216754999999,-118.42139298414197
39.3023103,-94.72118991743454,40.7757145,-73.87336398511545
39.3023103,-94.72118991743454,44.878019050000006,-93.2209280537696
39.3023103,-94.72118991743454,41.97795725,-87.90920910980722
39.3023103,-94.72118991743454,33.43289075,-112.00942230268426
39.3023103,-94.72118991743454,47.4475673,-122.3080158569515
28.412903550000003,-81.30944309752753,35.21074145,-80.9457435226013
28.412903550000003,-81.30944309752753,38.8004299,-104.70327708699932
28.412903550000003,-81.30944309752753,40.642947899999996,-73.7793733748521
28.412903550000003,-81.30944309752753,40.193209800000005,-76.75294587287746
28.412903550000003,-81.30944309752753,43.1420815,-89.33774533660622
28.412903550000003,-81.30944309752753,41.2587459,-95.9383758
28.412903550000003,-81.30944309752753,33.43289075,-112.00942230268426
28.412903550000003,-81.30944309752753,37.5073698,-77.3336845
41.7854316,-87.75084869357148,36.527800049999996,-93.19781657947979
41.7854316,-87.75084869357148,32.89929845,-80.03946503050427
41.7854316,-87.75084869357148,41.406618550000005,-81.85120214358412
41.7854316,-87.75084869357148,29.9759983,-90.0782127
41.7854316,-87.75084869357148,26.53294975,-81.75880562612211
41.7854316,-87.75084869357148,47.4475673,-122.3080158569515
35.04625645,-89.97689466513185,39.1014537,-84.5124602
35.04625645,-89.97689466513185,29.7589382,-95.3676974
35.04625645,-89.97689466513185,40.642947899999996,-73.7793733748521
35.04625645,-89.97689466513185,29.9759983,-90.0782127
35.04625645,-89.97689466513185,38.1716962,-85.73540756381095
35.04625645,-89.97689466513185,38.74962725,-90.37047024952082
42.93066555,-71.43882646608829,42.205699100000004,-83.35297537621658
42.93066555,-71.43882646608829,36.0861034,-115.16111989849915
25.7949789,-80.28672341095405,41.764582,-72.6908547
25.7949789,-80.28672341095405,39.6425635,-106.917134720113
25.7949789,-80.28672341095405,40.68906405,-74.17725485035348
25.7949789,-80.28672341095405,47.4475673,-122.3080158569515
25.7949789,-80.28672341095405,18.33476905,-64.9724536459818
25.7949789,-80.28672341095405,17.7439481,-64.7079823
25.7949789,-80.28672341095405,36.19914,-95.8867383912098
42.9461717,-87.9138891,33.63779875,-84.42927118585675
42.9461717,-87.9138891,41.97795725,-87.90920910980722
42.9461717,-87.9138891,38.74962725,-90.37047024952082
43.1703365,-86.2370531,41.97795725,-87.90920910980722
36.58705795,-121.84193978436595,39.8606676,-104.68536732610298
43.1420815,-89.33774533660622,33.63779875,-84.42927118585675
43.1420815,-89.33774533660622,29.9841416,-95.33298595614491
46.91686665,-114.08780053891442,33.63779875,-84.42927118585675
44.878019050000006,-93.2209280537696,44.7727172,-89.66716494412262
44.878019050000006,-93.2209280537696,39.905318699999995,-84.22024542480268
44.878019050000006,-93.2209280537696,42.9632405,-85.6678639
44.878019050000006,-93.2209280537696,47.4800263,-111.37557897482165
44.878019050000006,-93.2209280537696,42.7337712,-84.5553805
44.878019050000006,-93.2209280537696,36.0861034,-115.16111989849915
44.878019050000006,-93.2209280537696,41.7854316,-87.75084869357148
44.878019050000006,-93.2209280537696,29.9759983,-90.0782127
44.878019050000006,-93.2209280537696,35.3848053,-97.60534425082406
44.878019050000006,-93.2209280537696,36.8946697,-76.20229629965002
44.878019050000006,-93.2209280537696,27.9791649,-82.5349276153517
44.878019050000006,-93.2209280537696,36.19914,-95.8867383912098
29.9759983,-90.0782127,33.63779875,-84.42927118585675
29.9759983,-90.0782127,40.642947899999996,-73.7793733748521
29.9759983,-90.0782127,40.7757145,-73.87336398511545
29.9759983,-90.0782127,39.3023103,-94.72118991743454
41.392021299999996,-70.62074839455545,40.642947899999996,-73.7793733748521
37.7120907,-122.21450262406256,42.3554334,-71.060511
35.3848053,-97.60534425082406,38.8950368,-77.0365427
35.3848053,-97.60534425082406,36.0861034,-115.16111989849915
35.3848053,-97.60534425082406,33.94216754999999,-118.42139298414197
35.3848053,-97.60534425082406,35.04625645,-89.97689466513185
35.3848053,-97.60534425082406,44.878019050000006,-93.2209280537696
35.3848053,-97.60534425082406,38.74962725,-90.37047024952082
41.2587459,-95.9383758,36.0861034,-115.16111989849915
41.2587459,-95.9383758,44.878019050000006,-93.2209280537696
41.2587459,-95.9383758,41.97795725,-87.90920910980722
34.05414245,-117.59915769373036,29.9841416,-95.33298595614491
34.05414245,-117.59915769373036,39.498646199999996,-119.77333186086474
41.97795725,-87.90920910980722,40.4733557,-88.91480264613926
41.97795725,-87.90920910980722,42.3554334,-71.060511
41.97795725,-87.90920910980722,35.032383550000006,-85.20167788785842
41.97795725,-87.90920910980722,35.21074145,-80.9457435226013
41.97795725,-87.90920910980722,42.205699100000004,-83.35297537621658
41.97795725,-87.90920910980722,34.8954456,-82.21722845651891
41.97795725,-87.90920910980722,34.7311092,-92.22457817801748
41.97795725,-87.90920910980722,39.1713656,-96.59393685497088
41.97795725,-87.90920910980722,38.3996962,-107.8330195
41.97795725,-87.90920910980722,37.0833893,-88.6000478
41.97795725,-87.90920910980722,39.498646199999996,-119.77333186086474
41.97795725,-87.90920910980722,26.53294975,-81.75880562612211
41.97795725,-87.90920910980722,41.708347950000004,-86.32303457180205
41.97795725,-87.90920910980722,38.74962725,-90.37047024952082
36.8946697,-76.20229629965002,33.63779875,-84.42927118585675
36.8946697,-76.20229629965002,44.878019050000006,-93.2209280537696
42.2686095,-71.87306398339443,26.072017000000002,-80.15099673135214
26.715364,-80.0532942,39.19764875,-76.68258351960611
26.715364,-80.0532942,40.68906405,-74.17725485035348
26.715364,-80.0532942,41.0680174,-73.70833333823488
26.715364,-80.0532942,33.94216754999999,-118.42139298414197
26.715364,-80.0532942,18.465299,-66.116666
45.58902115,-122.5935717503766,38.8950368,-77.0365427
45.58902115,-122.5935717503766,39.3023103,-94.72118991743454
45.58902115,-122.5935717503766,34.05414245,-117.59915769373036
45.58902115,-122.5935717503766,37.622451999999996,-122.38398938548363
37.132296499999995,-76.49401292414504,33.63779875,-84.42927118585675
39.875018,-75.23521278969667,39.19764875,-76.68258351960611
39.875018,-75.23521278969667,35.04625645,-89.97689466513185
39.875018,-75.23521278969667,18.33476905,-64.9724536459818
33.43289075,-112.00942230268426,35.3738712,-119.0194639
33.43289075,-112.00942230268426,42.3554334,-71.060511
33.43289075,-112.00942230268426,42.9402016,-78.73075229745353
33.43289075,-112.00942230268426,39.19764875,-76.68258351960611
33.43289075,-112.00942230268426,38.8004299,-104.70327708699932
33.43289075,-112.00942230268426,37.15284235,-107.7586059173994
33.43289075,-112.00942230268426,19.743906,-156.0422959812206
33.43289075,-112.00942230268426,41.97795725,-87.90920910980722
33.43289075,-112.00942230268426,40.49178275,-80.23702448873742
33.43289075,-112.00942230268426,33.83033915,-116.50964534531111
33.43289075,-112.00942230268426,39.498646199999996,-119.77333186086474
33.43289075,-112.00942230268426,32.64851395,-114.60772586873736
40.49178275,-80.23702448873742,29.9841416,-95.33298595614491
40.49178275,-80.23702448873742,36.0861034,-115.16111989849915
40.49178275,-80.23702448873742,28.412903550000003,-81.30944309752753
40.49178275,-80.23702448873742,41.7854316,-87.75084869357148
40.49178275,-80.23702448873742,42.93066555,-71.43882646608829
30.4725975,-87.18808592919096,38.8950368,-77.0365427
30.4725975,-87.18808592919096,25.7949789,-80.28672341095405
46.1729122,-119.0697308,37.622451999999996,-122.38398938548363
33.83033915,-116.50964534531111,45.58902115,-122.5935717503766
41.8239891,-71.4128343,26.072017000000002,-80.15099673135214
41.8239891,-71.4128343,26.715364,-80.0532942
41.8239891,-71.4128343,26.53294975,-81.75880562612211
43.6610277,-70.2548596,35.21074145,-80.9457435226013
43.6610277,-70.2548596,42.205699100000004,-83.35297537621658
43.6610277,-70.2548596,40.7757145,-73.87336398511545
44.0448069,-103.06068012445681,29.9841416,-95.33298595614491
35.880361449999995,-78.78723821716514,33.63779875,-84.42927118585675
35.880361449999995,-78.78723821716514,26.072017000000002,-80.15099673135214
35.880361449999995,-78.78723821716514,41.7854316,-87.75084869357148
35.880361449999995,-78.78723821716514,40.276411949999996,-74.81321108368704
39.498646199999996,-119.77333186086474,32.89651945,-97.0465220537124
39.498646199999996,-119.77333186086474,33.43289075,-112.00942230268426
37.32442625,-79.97679739235411,42.205699100000004,-83.35297537621658
43.1161699,-77.67269338979611,40.7757145,-73.87336398511545
26.53294975,-81.75880562612211,42.9402016,-78.73075229745353
26.53294975,-81.75880562612211,39.99705605,-82.89304061484347
26.53294975,-81.75880562612211,40.68906405,-74.17725485035348
26.53294975,-81.75880562612211,41.0680174,-73.70833333823488
26.53294975,-81.75880562612211,40.49178275,-80.23702448873742
32.7174202,-117.1627728,42.3554334,-71.060511
32.7174202,-117.1627728,32.89651945,-97.0465220537124
32.7174202,-117.1627728,40.642947899999996,-73.7793733748521
32.7174202,-117.1627728,28.412903550000003,-81.30944309752753
32.7174202,-117.1627728,41.7854316,-87.75084869357148
32.7174202,-117.1627728,39.498646199999996,-119.77333186086474
32.7174202,-117.1627728,29.5334021,-98.46921443046924
32.7174202,-117.1627728,37.622451999999996,-122.38398938548363
29.5334021,-98.46921443046924,40.642947899999996,-73.7793733748521
29.5334021,-98.46921443046924,41.7854316,-87.75084869357148
29.5334021,-98.46921443046924,39.875018,-75.23521278969667
41.708347950000004,-86.32303457180205,25.7949789,-80.28672341095405
41.708347950000004,-86.32303457180205,41.97795725,-87.90920910980722
38.1716962,-85.73540756381095,40.68906405,-74.17725485035348
38.1716962,-85.73540756381095,25.7949789,-80.28672341095405
38.1716962,-85.73540756381095,41.97795725,-87.90920910980722
47.4475673,-122.3080158569515,35.037669449999996,-106.61096752176844
47.4475673,-122.3080158569515,43.6087926,-110.73803248494762
47.4475673,-122.3080158569515,19.743906,-156.0422959812206
47.4475673,-122.3080158569515,35.04625645,-89.97689466513185
47.4475673,-122.3080158569515,29.5334021,-98.46921443046924
47.4475673,-122.3080158569515,37.3633278,-121.92933857603218
37.622451999999996,-122.38398938548363,61.18103525,-149.99789189730433
37.622451999999996,-122.38398938548363,39.2208967,-106.86697301509874
37.622451999999996,-122.38398938548363,30.19348925,-97.66500963529677
37.622451999999996,-122.38398938548363,35.21074145,-80.9457435226013
37.622451999999996,-122.38398938548363,32.89651945,-97.0465220537124
37.622451999999996,-122.38398938548363,44.123068149999995,-123.21390830141057
37.622451999999996,-122.38398938548363,47.620044050000004,-117.54236665513882
37.622451999999996,-122.38398938548363,42.156436549999995,-121.7327761549667
37.622451999999996,-122.38398938548363,39.3023103,-94.72118991743454
37.622451999999996,-122.38398938548363,28.412903550000003,-81.30944309752753
37.622451999999996,-122.38398938548363,42.9461717,-87.9138891
37.622451999999996,-122.38398938548363,36.58705795,-121.84193978436595
37.622451999999996,-122.38398938548363,41.97795725,-87.90920910980722
37.622451999999996,-122.38398938548363,40.49178275,-80.23702448873742
37.622451999999996,-122.38398938548363,40.51108035,-122.29610904753642
37.622451999999996,-122.38398938548363,35.237491399999996,-120.64331992943252
37.24298375,-93.3889140611615,33.63779875,-84.42927118585675
37.3633278,-121.92933857603218,33.63779875,-84.42927118585675
31.35468635,-100.49862454938886,32.89651945,-97.0465220537124
18.465299,-66.116666,41.406618550000005,-81.85120214358412
18.465299,-66.116666,35.21074145,-80.9457435226013
18.465299,-66.116666,26.072017000000002,-80.15099673135214
18.465299,-66.116666,41.97795725,-87.90920910980722
18.465299,-66.116666,27.9791649,-82.5349276153517
40.790066100000004,-111.97989846185591,33.63779875,-84.42927118585675
40.790066100000004,-111.97989846185591,35.21074145,-80.9457435226013
40.790066100000004,-111.97989846185591,39.99705605,-82.89304061484347
40.790066100000004,-111.97989846185591,44.520751950000005,-109.02185342965336
40.790066100000004,-111.97989846185591,42.9054165,-106.46452637926663
40.790066100000004,-111.97989846185591,39.123415800000004,-108.52444920306618
40.790066100000004,-111.97989846185591,47.4800263,-111.37557897482165
40.790066100000004,-111.97989846185591,46.6063969,-111.98274447010309
40.790066100000004,-111.97989846185591,43.5151828,-112.06621704111444
40.790066100000004,-111.97989846185591,40.642947899999996,-73.7793733748521
40.790066100000004,-111.97989846185591,41.2587459,-95.9383758
40.790066100000004,-111.97989846185591,33.43289075,-112.00942230268426
40.790066100000004,-111.97989846185591,46.1729122,-119.0697308
40.790066100000004,-111.97989846185591,44.0448069,-103.06068012445681
40.790066100000004,-111.97989846185591,36.19914,-95.8867383912098
40.790066100000004,-111.97989846185591,44.6632505,-111.101169
38.687223450000005,-121.5903702806319,40.9763645,-124.10842589937442
38.687223450000005,-121.5903702806319,36.0861034,-115.16111989849915
38.687223450000005,-121.5903702806319,33.815565899999996,-118.15342922166721
38.687223450000005,-121.5903702806319,34.05414245,-117.59915769373036
33.67420559999999,-117.86801480770461,38.687223450000005,-121.5903702806319
38.74962725,-90.37047024952082,30.35993085,-85.80404564346239
38.74962725,-90.37047024952082,40.68906405,-74.17725485035348
38.74962725,-90.37047024952082,29.7589382,-95.3676974
38.74962725,-90.37047024952082,33.94216754999999,-118.42139298414197
38.74962725,-90.37047024952082,41.7854316,-87.75084869357148
38.74962725,-90.37047024952082,41.97795725,-87.90920910980722
38.74962725,-90.37047024952082,33.43289075,-112.00942230268426
38.74962725,-90.37047024952082,47.4475673,-122.3080158569515
18.33476905,-64.9724536459818,42.3554334,-71.060511
18.33476905,-64.9724536459818,18.465299,-66.116666
43.1141752,-76.11914451143608,33.63779875,-84.42927118585675
43.1141752,-76.11914451143608,42.205699100000004,-83.35297537621658
43.1141752,-76.11914451143608,41.97795725,-87.90920910980722
27.9791649,-82.5349276153517,33.63779875,-84.42927118585675
27.9791649,-82.5349276153517,39.19764875,-76.68258351960611
27.9791649,-82.5349276153517,39.8606676,-104.68536732610298
27.9791649,-82.5349276153517,29.9841416,-95.33298595614491
27.9791649,-82.5349276153517,41.8239891,-71.4128343
27.9791649,-82.5349276153517,29.5334021,-98.46921443046924
36.19914,-95.8867383912098,32.89651945,-97.0465220537124
36.19914,-95.8867383912098,40.68906405,-74.17725485035348
36.19914,-95.8867383912098,35.04625645,-89.97689466513185
36.19914,-95.8867383912098,25.7949789,-80.28672341095405
36.19914,-95.8867383912098,44.878019050000006,-93.2209280537696
32.11237945,-110.93938747808727,39.8606676,-104.68536732610298
32.11237945,-110.93938747808727,32.7174202,-117.1627728
32.11237945,-110.93938747808727,40.790066100000004,-111.97989846185591
44.7606441,-85.6165301,39.8606676,-104.68536732610298
44.7606441,-85.6165301,40.68906405,-74.17725485035348
44.7606441,-85.6165301,44.878019050000006,-93.2209280537696
42.4817,-114.4877,43.55988165,-116.20782253098173
35.9603948,-83.9210261,32.89651945,-97.0465220537124
35.9603948,-83.9210261,44.878019050000006,-93.2209280537696
36.0625843,-94.1574328,39.1014537,-84.5124602
36.0625843,-94.1574328,40.68906405,-74.17725485035348
36.0625843,-94.1574328,40.7757145,-73.87336398511545
36.0625843,-94.1574328,44.878019050000006,-93.2209280537696
35.037669449999996,-106.61096752176844,32.84524055,-96.84732187569065
35.037669449999996,-106.61096752176844,28.412903550000003,-81.30944309752753
40.9763645,-124.10842589937442,41.8528065,-124.14986198309553
58.6753166,-156.6493870251819,61.18103525,-149.99789189730433
42.748015949999996,-73.79855563763934,35.21074145,-80.9457435226013
42.748015949999996,-73.79855563763934,42.205699100000004,-83.35297537621658
42.748015949999996,-73.79855563763934,26.072017000000002,-80.15099673135214
42.748015949999996,-73.79855563763934,38.8950368,-77.0365427
42.748015949999996,-73.79855563763934,28.412903550000003,-81.30944309752753
61.18103525,-149.99789189730433,32.89651945,-97.0465220537124
61.18103525,-149.99789189730433,59.0433568,-158.5112028
61.18103525,-149.99789189730433,40.68906405,-74.17725485035348
61.18103525,-149.99789189730433,33.94216754999999,-118.42139298414197
61.18103525,-149.99789189730433,20.89569785,-156.43404764122727
45.07879025,-83.5599967583827,44.878019050000006,-93.2209280537696
39.2208967,-106.86697301509874,32.89651945,-97.0465220537124
39.2208967,-106.86697301509874,29.9841416,-95.33298595614491
39.2208967,-106.86697301509874,37.622451999999996,-122.38398938548363
33.63779875,-84.42927118585675,61.18103525,-149.99789189730433
33.63779875,-84.42927118585675,44.25659495,-88.52169598755702
33.63779875,-84.42927118585675,36.527800049999996,-93.19781657947979
33.63779875,-84.42927118585675,32.51660405,-84.94200790181375
33.63779875,-84.42927118585675,29.181643899999997,-81.05426943447691
33.63779875,-84.42927118585675,31.2237434,-85.3933906
33.63779875,-84.42927118585675,30.35993085,-85.80404564346239
33.63779875,-84.42927118585675,35.3392525,-94.35697826263008
33.63779875,-84.42927118585675,21.32040435,-157.9173135198164
33.63779875,-84.42927118585675,41.0680174,-73.70833333823488
33.63779875,-84.42927118585675,40.642947899999996,-73.7793733748521
33.63779875,-84.42927118585675,36.0861034,-115.16111989849915
33.63779875,-84.42927118585675,39.3023103,-94.72118991743454
33.63779875,-84.42927118585675,28.412903550000003,-81.30944309752753
33.63779875,-84.42927118585675,43.1420815,-89.33774533660622
33.63779875,-84.42927118585675,39.875018,-75.23521278969667
33.63779875,-84.42927118585675,33.43289075,-112.00942230268426
33.63779875,-84.42927118585675,29.5334021,-98.46921443046924
33.63779875,-84.42927118585675,37.622451999999996,-122.38398938548363
33.63779875,-84.42927118585675,35.9603948,-83.9210261
44.25659495,-88.52169598755702,44.878019050000006,-93.2209280537696
30.19348925,-97.66500963529677,42.3554334,-71.060511
30.19348925,-97.66500963529677,35.21074145,-80.9457435226013
30.19348925,-97.66500963529677,37.3633278,-121.92933857603218
35.4364233,-82.54088095049624,35.21074145,-80.9457435226013
41.764582,-72.6908547,38.8950368,-77.0365427
44.8072619,-68.81941486105113,42.205699100000004,-83.35297537621658
33.563500000000005,-86.75151249023227,29.7589382,-95.3676974
47.5101068,-94.92982434625608,44.878019050000006,-93.2209280537696
36.527800049999996,-93.19781657947979,28.412903550000003,-81.30944309752753
40.4733557,-88.91480264613926,41.97795725,-87.90920910980722
36.11958985,-86.68308703291842,41.406618550000005,-81.85120214358412
36.11958985,-86.68308703291842,38.8950368,-77.0365427
36.11958985,-86.68308703291842,40.49178275,-80.23702448873742
36.11958985,-86.68308703291842,30.4725975,-87.18808592919096
36.11958985,-86.68308703291842,35.880361449999995,-78.78723821716514
43.55988165,-116.20782253098173,47.620044050000004,-117.54236665513882
43.55988165,-116.20782253098173,36.0861034,-115.16111989849915
43.55988165,-116.20782253098173,41.97795725,-87.90920910980722
43.55988165,-116.20782253098173,45.58902115,-122.5935717503766
42.3554334,-71.060511,28.412903550000003,-81.30944309752753
42.3554334,-71.060511,33.43289075,-112.00942230268426
42.3554334,-71.060511,38.74962725,-90.37047024952082
30.5319743,-91.15042415051039,33.63779875,-84.42927118585675
44.472896500000004,-73.15146310750751,42.084710349999995,-80.17447235134125
44.472896500000004,-73.15146310750751,38.8950368,-77.0365427
42.9402016,-78.73075229745353,26.715364,-80.0532942
42.9402016,-78.73075229745353,27.9791649,-82.5349276153517
39.19764875,-76.68258351960611,42.9461717,-87.9138891
39.19764875,-76.68258351960611,35.3848053,-97.60534425082406
39.19764875,-76.68258351960611,41.97795725,-87.90920910980722
39.19764875,-76.68258351960611,36.8946697,-76.20229629965002
45.78359005,-111.15697962783483,42.9054165,-106.46452637926663
33.93886305,-81.1139715103596,29.9841416,-95.33298595614491
33.93886305,-81.1139715103596,41.97795725,-87.90920910980722
32.89929845,-80.03946503050427,41.534549299999995,-93.65923944589736
32.89929845,-80.03946503050427,40.642947899999996,-73.7793733748521
41.406618550000005,-81.85120214358412,42.3554334,-71.060511
41.406618550000005,-81.85120214358412,39.19764875,-76.68258351960611
41.406618550000005,-81.85120214358412,39.99705605,-82.89304061484347
41.406618550000005,-81.85120214358412,42.9632405,-85.6678639
41.406618550000005,-81.85120214358412,33.43289075,-112.00942230268426
41.406618550000005,-81.85120214358412,43.6610277,-70.2548596
41.406618550000005,-81.85120214358412,43.1161699,-77.67269338979611
35.21074145,-80.9457435226013,40.651163100000005,-75.44225386838299
35.21074145,-80.9457435226013,33.63779875,-84.42927118585675
35.21074145,-80.9457435226013,39.8606676,-104.68536732610298
35.21074145,-80.9457435226013,26.072017000000002,-80.15099673135214
35.21074145,-80.9457435226013,34.8954456,-82.21722845651891
35.21074145,-80.9457435226013,42.93066555,-71.43882646608829
35.21074145,-80.9457435226013,41.97795725,-87.90920910980722
35.21074145,-80.9457435226013,45.58902115,-122.5935717503766
35.21074145,-80.9457435226013,43.6610277,-70.2548596
35.21074145,-80.9457435226013,37.5073698,-77.3336845
39.99705605,-82.89304061484347,36.11958985,-86.68308703291842
39.99705605,-82.89304061484347,40.68906405,-74.17725485035348
38.8004299,-104.70327708699932,28.412903550000003,-81.30944309752753
42.9054165,-106.46452637926663,40.790066100000004,-111.97989846185591
27.7702374,-97.50657535472868,32.89651945,-97.0465220537124
27.7702374,-97.50657535472868,29.7589382,-95.3676974
38.3727111,-81.7073326,42.205699100000004,-83.35297537621658
39.1014537,-84.5124602,32.89651945,-97.0465220537124
39.1014537,-84.5124602,35.9824519,-79.9741745
39.1014537,-84.5124602,34.8954456,-82.21722845651891
39.1014537,-84.5124602,30.49375,-81.69303816083792
39.1014537,-84.5124602,40.642947899999996,-73.7793733748521
39.1014537,-84.5124602,28.412903550000003,-81.30944309752753
39.1014537,-84.5124602,40.790066100000004,-111.97989846185591
39.1014537,-84.5124602,27.9791649,-82.5349276153517
39.1014537,-84.5124602,36.0625843,-94.1574328
44.7727172,-89.66716494412262,42.205699100000004,-83.35297537621658
29.181643899999997,-81.05426943447691,35.21074145,-80.9457435226013
32.84524055,-96.84732187569065,30.19348925,-97.66500963529677
32.84524055,-96.84732187569065,35.3848053,-97.60534425082406
39.905318699999995,-84.22024542480268,40.68906405,-74.17725485035348
39.905318699999995,-84.22024542480268,38.8950368,-77.0365427
39.905318699999995,-84.22024542480268,40.7757145,-73.87336398511545
38.8950368,-77.0365427,42.3554334,-71.060511
38.8950368,-77.0365427,26.715364,-80.0532942
39.8606676,-104.68536732610298,45.809234849999996,-108.54767517885944
39.8606676,-104.68536732610298,40.9152061,-81.43992419328089
39.8606676,-104.68536732610298,44.520751950000005,-109.02185342965336
39.8606676,-104.68536732610298,39.1014537,-84.5124602
39.8606676,-104.68536732610298,37.15284235,-107.7586059173994
39.8606676,-104.68536732610298,48.202158,-114.315321
39.8606676,-104.68536732610298,47.9518219,-97.17447065299604
39.8606676,-104.68536732610298,40.7757145,-73.87336398511545
39.8606676,-104.68536732610298,21.97206585,-159.33671538390365
39.8606676,-104.68536732610298,36.58705795,-121.84193978436595
39.8606676,-104.68536732610298,41.2587459,-95.9383758
39.8606676,-104.68536732610298,45.58902115,-122.5935717503766
39.8606676,-104.68536732610298,29.5334021,-98.46921443046924
32.89651945,-97.0465220537124,32.3629733,-90.8403955
32.89651945,-97.0465220537124,34.569849500000004,-98.41812229900623
32.89651945,-97.0465220537124,28.412903550000003,-81.30944309752753
32.89651945,-97.0465220537124,25.7949789,-80.28672341095405
32.89651945,-97.0465220537124,20.89569785,-156.43404764122727
32.89651945,-97.0465220537124,35.880361449999995,-78.78723821716514
32.89651945,-97.0465220537124,29.5334021,-98.46921443046924
32.89651945,-97.0465220537124,32.12423765,-81.19770644774445
32.89651945,-97.0465220537124,32.4451121,-93.82673715989384
32.89651945,-97.0465220537124,38.74962725,-90.37047024952082
32.89651945,-97.0465220537124,36.19914,-95.8867383912098
32.89651945,-97.0465220537124,36.0625843,-94.1574328
59.0433568,-158.5112028,61.18103525,-149.99789189730433
46.84183845,-92.20329684929376,44.878019050000006,-93.2209280537696
46.84183845,-92.20329684929376,41.97795725,-87.90920910980722
37.15284235,-107.7586059173994,39.8606676,-104.68536732610298
29.3623533,-100.902672,29.9841416,-95.33298595614491
41.534549299999995,-93.65923944589736,35.04625645,-89.97689466513185
42.205699100000004,-83.35297537621658,40.651163100000005,-75.44225386838299
42.205699100000004,-83.35297537621658,42.9402016,-78.73075229745353
42.205699100000004,-83.35297537621658,45.72455915,-87.08899328344751
42.205699100000004,-83.35297537621658,38.04188775,-87.5296839642167
42.205699100000004,-83.35297537621658,40.68906405,-74.17725485035348
42.205699100000004,-83.35297537621658,29.9841416,-95.33298595614491
42.205699100000004,-83.35297537621658,39.7162533,-86.29508388539975
42.205699100000004,-83.35297537621658,42.7337712,-84.5553805
42.205699100000004,-83.35297537621658,34.7311092,-92.22457817801748
42.205699100000004,-83.35297537621658,43.878607,-91.25557153542314
42.205699100000004,-83.35297537621658,28.412903550000003,-81.30944309752753
42.205699100000004,-83.35297537621658,41.7854316,-87.75084869357148
42.205699100000004,-83.35297537621658,41.44772135,-90.51146650735623
42.205699100000004,-83.35297537621658,36.8946697,-76.20229629965002
42.205699100000004,-83.35297537621658,18.465299,-66.116666
42.205699100000004,-83.35297537621658,27.395988350000003,-82.55407423064528
42.205699100000004,-83.35297537621658,40.276411949999996,-74.81321108368704
42.205699100000004,-83.35297537621658,36.19914,-95.8867383912098
30.35993085,-85.80404564346239,36.11958985,-86.68308703291842
39.6425635,-106.917134720113,33.63779875,-84.42927118585675
39.6425635,-106.917134720113,32.89651945,-97.0465220537124
31.8092748,-106.36664263248113,29.7589382,-95.3676974
31.8092748,-106.36664263248113,29.9841416,-95.33298595614491
42.084710349999995,-80.17447235134125,42.205699100000004,-83.35297537621658
38.04188775,-87.5296839642167,41.97795725,-87.90920910980722
40.68906405,-74.17725485035348,30.19348925,-97.66500963529677
40.68906405,-74.17725485035348,38.8950368,-77.0365427
40.68906405,-74.17725485035348,42.205699100000004,-83.35297537621658
40.68906405,-74.17725485035348,39.7162533,-86.29508388539975
40.68906405,-74.17725485035348,40.7757145,-73.87336398511545
40.68906405,-74.17725485035348,42.93066555,-71.43882646608829
40.68906405,-74.17725485035348,44.878019050000006,-93.2209280537696
40.68906405,-74.17725485035348,29.9759983,-90.0782127
40.68906405,-74.17725485035348,33.680640600000004,-78.92905970872894
40.68906405,-74.17725485035348,41.97795725,-87.90920910980722
40.68906405,-74.17725485035348,36.8946697,-76.20229629965002
40.68906405,-74.17725485035348,40.49178275,-80.23702448873742
40.68906405,-74.17725485035348,35.9603948,-83.9210261
24.5554773,-81.75961603475078,33.63779875,-84.42927118585675
64.81761,-147.86784231862563,71.28620995,-156.77500248341514
64.81761,-147.86784231862563,41.97795725,-87.90920910980722
46.9208925,-96.81448802996968,32.89651945,-97.0465220537124
36.776006,-119.71974456209355,37.622451999999996,-122.38398938548363
48.202158,-114.315321,39.8606676,-104.68536732610298
48.202158,-114.315321,44.878019050000006,-93.2209280537696
26.072017000000002,-80.15099673135214,39.1014537,-84.5124602
26.072017000000002,-80.15099673135214,42.205699100000004,-83.35297537621658
26.072017000000002,-80.15099673135214,41.0680174,-73.70833333823488
26.072017000000002,-80.15099673135214,28.412903550000003,-81.30944309752753
42.9607553,-83.74563177999201,39.19764875,-76.68258351960611
42.9607553,-83.74563177999201,27.9791649,-82.5349276153517
47.620044050000004,-117.54236665513882,47.4475673,-122.3080158569515
39.123415800000004,-108.52444920306618,33.43289075,-112.00942230268426
31.0616542,-97.8206033626794,33.63779875,-84.42927118585675
42.9632405,-85.6678639,41.406618550000005,-81.85120214358412
42.9632405,-85.6678639,39.8606676,-104.68536732610298
42.9632405,-85.6678639,38.8950368,-77.0365427
42.9632405,-85.6678639,26.53294975,-81.75880562612211
35.9824519,-79.9741745,35.21074145,-80.9457435226013
33.4956744,-88.4272627,33.63779875,-84.42927118585675
38.5323609,-106.93982729134346,32.89651945,-97.0465220537124
14.483027,121.0310882,21.32040435,-157.9173135198164
40.4844693,-107.220936,47.4475673,-122.3080158569515
46.6063969,-111.98274447010309,40.790066100000004,-111.97989846185591
21.32040435,-157.9173135198164,61.18103525,-149.99789189730433
21.32040435,-157.9173135198164,32.89651945,-97.0465220537124
21.32040435,-157.9173135198164,40.68906405,-74.17725485035348
21.32040435,-157.9173135198164,41.97795725,-87.90920910980722
21.32040435,-157.9173135198164,45.58902115,-122.5935717503766
21.32040435,-157.9173135198164,40.790066100000004,-111.97989846185591
29.7589382,-95.3676974,31.8092748,-106.36664263248113
29.7589382,-95.3676974,36.0861034,-115.16111989849915
29.7589382,-95.3676974,33.94216754999999,-118.42139298414197
29.7589382,-95.3676974,39.3023103,-94.72118991743454
29.7589382,-95.3676974,37.7120907,-122.21450262406256
29.7589382,-95.3676974,33.67420559999999,-117.86801480770461
34.63699305,-86.76383388377238,35.21074145,-80.9457435226013
38.8950368,-77.0365427,40.651163100000005,-75.44225386838299
38.8950368,-77.0365427,35.037669449999996,-106.61096752176844
38.8950368,-77.0365427,41.764582,-72.6908547
38.8950368,-77.0365427,39.8606676,-104.68536732610298
38.8950368,-77.0365427,32.89651945,-97.0465220537124
38.8950368,-77.0365427,40.68906405,-74.17725485035348
38.8950368,-77.0365427,35.9824519,-79.9741745
38.8950368,-77.0365427,34.63699305,-86.76383388377238
38.8950368,-77.0365427,33.815565899999996,-118.15342922166721
38.8950368,-77.0365427,35.3848053,-97.60534425082406
38.8950368,-77.0365427,35.9603948,-83.9210261
29.9841416,-95.33298595614491,39.2208967,-106.86697301509874
29.9841416,-95.33298595614491,35.3738712,-119.0194639
29.9841416,-95.33298595614491,33.563500000000005,-86.75151249023227
29.9841416,-95.33298595614491,31.0616542,-97.8206033626794
29.9841416,-95.33298595614491,38.5323609,-106.93982729134346
29.9841416,-95.33298595614491,39.6796715,-75.60763354194484
29.9841416,-95.33298595614491,36.0861034,-115.16111989849915
29.9841416,-95.33298595614491,32.7174202,-117.1627728
29.9841416,-95.33298595614491,47.4475673,-122.3080158569515
29.9841416,-95.33298595614491,18.465299,-66.116666
29.9841416,-95.33298595614491,36.19914,-95.8867383912098
37.649253,-97.43226330309298,41.97795725,-87.90920910980722
39.7162533,-86.29508388539975,32.89651945,-97.0465220537124
39.7162533,-86.29508388539975,26.072017000000002,-80.15099673135214
39.7162533,-86.29508388539975,35.880361449999995,-78.78723821716514
40.78964545,-73.09731499551691,27.9791649,-82.5349276153517
43.6087926,-110.73803248494762,40.68906405,-74.17725485035348
43.6087926,-110.73803248494762,47.4475673,-122.3080158569515
32.3629733,-90.8403955,29.9841416,-95.33298595614491
30.49375,-81.69303816083792,32.89651945,-97.0465220537124
30.49375,-81.69303816083792,42.205699100000004,-83.35297537621658
40.642947899999996,-73.7793733748521,35.037669449999996,-106.61096752176844
40.642947899999996,-73.7793733748521,34.19629105,-118.35441727681797
40.642947899999996,-73.7793733748521,39.99705605,-82.89304061484347
40.642947899999996,-73.7793733748521,39.8606676,-104.68536732610298
40.642947899999996,-73.7793733748521,21.32040435,-157.9173135198164
40.642947899999996,-73.7793733748521,39.7162533,-86.29508388539975
40.642947899999996,-73.7793733748521,39.3023103,-94.72118991743454
40.642947899999996,-73.7793733748521,45.58902115,-122.5935717503766
40.642947899999996,-73.7793733748521,38.1716962,-85.73540756381095
40.642947899999996,-73.7793733748521,18.465299,-66.116666
58.3566191,-134.58019300175383,58.423770649999994,-135.70631132484405
19.743906,-156.0422959812206,39.8606676,-104.68536732610298
19.743906,-156.0422959812206,33.94216754999999,-118.42139298414197
36.0861034,-115.16111989849915,42.748015949999996,-73.79855563763934
36.0861034,-115.16111989849915,61.18103525,-149.99789189730433
36.0861034,-115.16111989849915,29.7589382,-95.3676974
36.0861034,-115.16111989849915,39.7162533,-86.29508388539975
36.0861034,-115.16111989849915,33.815565899999996,-118.15342922166721
36.0861034,-115.16111989849915,29.9759983,-90.0782127
36.0861034,-115.16111989849915,37.7120907,-122.21450262406256
36.0861034,-115.16111989849915,33.43289075,-112.00942230268426
33.94216754999999,-118.42139298414197,41.764582,-72.6908547
33.94216754999999,-118.42139298414197,35.3738712,-119.0194639
33.94216754999999,-118.42139298414197,47.620044050000004,-117.54236665513882
33.94216754999999,-118.42139298414197,40.4844693,-107.220936
33.94216754999999,-118.42139298414197,40.642947899999996,-73.7793733748521
33.94216754999999,-118.42139298414197,37.7120907,-122.21450262406256
33.94216754999999,-118.42139298414197,20.89569785,-156.43404764122727
33.94216754999999,-118.42139298414197,33.83033915,-116.50964534531111
33.94216754999999,-118.42139298414197,29.5334021,-98.46921443046924
33.94216754999999,-118.42139298414197,38.687223450000005,-121.5903702806319
33.94216754999999,-118.42139298414197,34.9531295,-120.435857
33.94216754999999,-118.42139298414197,32.64851395,-114.60772586873736
33.66525745,-101.82668866739934,36.0861034,-115.16111989849915
30.2072293,-93.2061609,32.89651945,-97.0465220537124
38.03480425,-84.60492174770525,38.8950368,-77.0365427
30.203161700000003,-91.98991065628175,31.329273649999998,-92.54095486627727
30.203161700000003,-91.98991065628175,33.63779875,-84.42927118585675
40.7757145,-73.87336398511545,44.472896500000004,-73.15146310750751
40.7757145,-73.87336398511545,38.03480425,-84.60492174770525
40.7757145,-73.87336398511545,29.9759983,-90.0782127
40.7757145,-73.87336398511545,26.715364,-80.0532942
40.7757145,-73.87336398511545,43.1161699,-77.67269338979611
33.815565899999996,-118.15342922166721,36.0861034,-115.16111989849915
33.815565899999996,-118.15342922166721,37.7120907,-122.21450262406256
21.97206585,-159.33671538390365,37.7120907,-122.21450262406256
21.97206585,-159.33671538390365,20.89569785,-156.43404764122727
21.97206585,-159.33671538390365,33.43289075,-112.00942230268426
21.97206585,-159.33671538390365,47.4475673,-122.3080158569515
34.7311092,-92.22457817801748,33.63779875,-84.42927118585675
34.7311092,-92.22457817801748,39.8606676,-104.68536732610298
34.7311092,-92.22457817801748,32.89651945,-97.0465220537124
34.7311092,-92.22457817801748,41.97795725,-87.90920910980722
43.878607,-91.25557153542314,44.878019050000006,-93.2209280537696
39.3023103,-94.72118991743454,42.3554334,-71.060511
39.3023103,-94.72118991743454,40.68906405,-74.17725485035348
39.3023103,-94.72118991743454,38.8950368,-77.0365427
39.3023103,-94.72118991743454,38.74962725,-90.37047024952082
28.412903550000003,-81.30944309752753,40.651163100000005,-75.44225386838299
28.412903550000003,-81.30944309752753,30.19348925,-97.66500963529677
28.412903550000003,-81.30944309752753,36.11958985,-86.68308703291842
28.412903550000003,-81.30944309752753,41.406618550000005,-81.85120214358412
28.412903550000003,-81.30944309752753,39.99705605,-82.89304061484347
28.412903550000003,-81.30944309752753,39.8606676,-104.68536732610298
28.412903550000003,-81.30944309752753,30.35993085,-85.80404564346239
28.412903550000003,-81.30944309752753,24.5554773,-81.75961603475078
28.412903550000003,-81.30944309752753,35.9824519,-79.9741745
28.412903550000003,-81.30944309752753,33.94216754999999,-118.42139298414197
28.412903550000003,-81.30944309752753,36.8946697,-76.20229629965002
28.412903550000003,-81.30944309752753,42.2686095,-71.87306398339443
28.412903550000003,-81.30944309752753,29.5334021,-98.46921443046924
28.412903550000003,-81.30944309752753,38.74962725,-90.37047024952082
28.412903550000003,-81.30944309752753,43.1141752,-76.11914451143608
41.7854316,-87.75084869357148,33.563500000000005,-86.75151249023227
41.7854316,-87.75084869357148,40.68906405,-74.17725485035348
41.7854316,-87.75084869357148,29.7589382,-95.3676974
41.7854316,-87.75084869357148,38.8950368,-77.0365427
41.7854316,-87.75084869357148,32.3629733,-90.8403955
41.7854316,-87.75084869357148,33.94216754999999,-118.42139298414197
41.7854316,-87.75084869357148,44.878019050000006,-93.2209280537696
41.7854316,-87.75084869357148,41.2587459,-95.9383758
35.04625645,-89.97689466513185,30.19348925,-97.66500963529677
35.04625645,-89.97689466513185,38.8950368,-77.0365427
35.04625645,-89.97689466513185,32.3629733,-90.8403955
35.04625645,-89.97689466513185,41.7854316,-87.75084869357148
35.04625645,-89.97689466513185,35.3848053,-97.60534425082406
35.04625645,-89.97689466513185,36.19914,-95.8867383912098
42.3727441,-122.87343834417277,39.8606676,-104.68536732610298
42.93066555,-71.43882646608829,41.7854316,-87.75084869357148
42.93066555,-71.43882646608829,27.9791649,-82.5349276153517
25.7949789,-80.28672341095405,33.63779875,-84.42927118585675
25.7949789,-80.28672341095405,33.563500000000005,-86.75151249023227
25.7949789,-80.28672341095405,39.99705605,-82.89304061484347
25.7949789,-80.28672341095405,38.8950368,-77.0365427
25.7949789,-80.28672341095405,28.412903550000003,-81.30944309752753
25.7949789,-80.28672341095405,35.04625645,-89.97689466513185
25.7949789,-80.28672341095405,41.97795725,-87.90920910980722
42.9461717,-87.9138891,39.19764875,-76.68258351960611
42.9461717,-87.9138891,38.8950368,-77.0365427
42.9461717,-87.9138891,29.9841416,-95.33298595614491
42.9461717,-87.9138891,37.622451999999996,-122.38398938548363
41.44772135,-90.51146650735623,33.63779875,-84.42927118585675
32.5111077,-92.0384615,29.9841416,-95.33298595614491
30.69214065,-88.24115749066226,32.89651945,-97.0465220537124
37.626058,-120.95771779863395,37.622451999999996,-122.38398938548363
43.1420815,-89.33774533660622,42.205699100000004,-83.35297537621658
43.1420815,-89.33774533660622,40.7757145,-73.87336398511545
43.1420815,-89.33774533660622,44.878019050000006,-93.2209280537696
44.878019050000006,-93.2209280537696,46.3580221,-94.2008288
44.878019050000006,-93.2209280537696,39.99705605,-82.89304061484347
44.878019050000006,-93.2209280537696,39.1014537,-84.5124602
44.878019050000006,-93.2209280537696,32.89651945,-97.0465220537124
44.878019050000006,-93.2209280537696,64.81761,-147.86784231862563
44.878019050000006,-93.2209280537696,44.47848805,-88.14362007159838
44.878019050000006,-93.2209280537696,48.5661049,-93.40407638044815
44.878019050000006,-93.2209280537696,30.49375,-81.69303816083792
44.878019050000006,-93.2209280537696,40.7757145,-73.87336398511545
44.878019050000006,-93.2209280537696,45.58902115,-122.5935717503766
44.878019050000006,-93.2209280537696,46.1729122,-119.0697308
44.878019050000006,-93.2209280537696,35.880361449999995,-78.78723821716514
44.878019050000006,-93.2209280537696,44.0234387,-92.4630182
44.878019050000006,-93.2209280537696,35.9603948,-83.9210261
29.9759983,-90.0782127,36.11958985,-86.68308703291842
29.9759983,-90.0782127,42.3554334,-71.060511
29.9759983,-90.0782127,30.203161700000003,-91.98991065628175
29.9759983,-90.0782127,41.97795725,-87.90920910980722
29.9759983,-90.0782127,37.622451999999996,-122.38398938548363
29.9759983,-90.0782127,38.74962725,-90.37047024952082
29.9759983,-90.0782127,27.9791649,-82.5349276153517
38.3996962,-107.8330195,39.8606676,-104.68536732610298
33.680640600000004,-78.92905970872894,33.63779875,-84.42927118585675
33.680640600000004,-78.92905970872894,42.205699100000004,-83.35297537621658
37.7120907,-122.21450262406256,29.7589382,-95.3676974
37.7120907,-122.21450262406256,34.05414245,-117.59915769373036
37.7120907,-122.21450262406256,32.7174202,-117.1627728
20.89569785,-156.43404764122727,19.718830599999997,-155.04755391447696
35.3848053,-97.60534425082406,39.19764875,-76.68258351960611
35.3848053,-97.60534425082406,32.84524055,-96.84732187569065
34.05414245,-117.59915769373036,32.89651945,-97.0465220537124
34.05414245,-117.59915769373036,37.7120907,-122.21450262406256
41.97795725,-87.90920910980722,40.651163100000005,-75.44225386838299
41.97795725,-87.90920910980722,61.18103525,-149.99789189730433
41.97795725,-87.90920910980722,33.63779875,-84.42927118585675
41.97795725,-87.90920910980722,44.25659495,-88.52169598755702
41.97795725,-87.90920910980722,33.563500000000005,-86.75151249023227
41.97795725,-87.90920910980722,38.029306,-78.4766781
41.97795725,-87.90920910980722,40.1157948,-88.241194
41.97795725,-87.90920910980722,39.1014537,-84.5124602
41.97795725,-87.90920910980722,44.7727172,-89.66716494412262
41.97795725,-87.90920910980722,39.8606676,-104.68536732610298
41.97795725,-87.90920910980722,41.534549299999995,-93.65923944589736
41.97795725,-87.90920910980722,44.47848805,-88.14362007159838
41.97795725,-87.90920910980722,41.0680174,-73.70833333823488
41.97795725,-87.90920910980722,34.63699305,-86.76383388377238
41.97795725,-87.90920910980722,38.8950368,-77.0365427
41.97795725,-87.90920910980722,43.6087926,-110.73803248494762
41.97795725,-87.90920910980722,28.412903550000003,-81.30944309752753
41.97795725,-87.90920910980722,42.93066555,-71.43882646608829
41.97795725,-87.90920910980722,25.7949789,-80.28672341095405
41.97795725,-87.90920910980722,44.878019050000006,-93.2209280537696
41.97795725,-87.90920910980722,36.8946697,-76.20229629965002
41.97795725,-87.90920910980722,39.875018,-75.23521278969667
41.97795725,-87.90920910980722,43.6610277,-70.2548596
41.97795725,-87.90920910980722,38.687223450000005,-121.5903702806319
41.97795725,-87.90920910980722,33.67420559999999,-117.86801480770461
36.8946697,-76.20229629965002,28.412903550000003,-81.30944309752753
36.8946697,-76.20229629965002,25.7949789,-80.28672341095405
26.715364,-80.0532942,42.205699100000004,-83.35297537621658
26.715364,-80.0532942,40.7757145,-73.87336398511545
45.58902115,-122.5935717503766,33.63779875,-84.42927118585675
45.58902115,-122.5935717503766,41.406618550000005,-81.85120214358412
45.58902115,-122.5935717503766,39.8606676,-104.68536732610298
45.58902115,-122.5935717503766,40.642947899999996,-73.7793733748521
45.58902115,-122.5935717503766,42.156436549999995,-121.7327761549667
45.58902115,-122.5935717503766,41.7854316,-87.75084869357148
45.58902115,-122.5935717503766,39.875018,-75.23521278969667
45.58902115,-122.5935717503766,37.3633278,-121.92933857603218
39.875018,-75.23521278969667,36.11958985,-86.68308703291842
39.875018,-75.23521278969667,42.9402016,-78.73075229745353
39.875018,-75.23521278969667,39.1014537,-84.5124602
39.875018,-75.23521278969667,40.68906405,-74.17725485035348
39.875018,-75.23521278969667,33.94216754999999,-118.42139298414197
39.875018,-75.23521278969667,37.622451999999996,-122.38398938548363
33.43289075,-112.00942230268426,35.037669449999996,-106.61096752176844
33.43289075,-112.00942230268426,30.19348925,-97.66500963529677
33.43289075,-112.00942230268426,39.123415800000004,-108.52444920306618
33.43289075,-112.00942230268426,36.0861034,-115.16111989849915
33.43289075,-112.00942230268426,21.97206585,-159.33671538390365
33.43289075,-112.00942230268426,28.412903550000003,-81.30944309752753
33.43289075,-112.00942230268426,44.878019050000006,-93.2209280537696
33.43289075,-112.00942230268426,35.880361449999995,-78.78723821716514
33.43289075,-112.00942230268426,34.4221319,-119.702667
33.43289075,-112.00942230268426,33.67420559999999,-117.86801480770461
33.43289075,-112.00942230268426,27.9791649,-82.5349276153517
40.49178275,-80.23702448873742,39.19764875,-76.68258351960611
40.49178275,-80.23702448873742,40.68906405,-74.17725485035348
33.83033915,-116.50964534531111,37.622451999999996,-122.38398938548363
41.8239891,-71.4128343,33.63779875,-84.42927118585675
43.6610277,-70.2548596,33.63779875,-84.42927118585675
43.6610277,-70.2548596,41.406618550000005,-81.85120214358412
44.0448069,-103.06068012445681,41.97795725,-87.90920910980722
44.2165084,-121.2150324,39.8606676,-104.68536732610298
35.880361449999995,-78.78723821716514,39.8606676,-104.68536732610298
35.880361449999995,-78.78723821716514,37.622451999999996,-122.38398938548363
37.5073698,-77.3336845,39.19764875,-76.68258351960611
37.5073698,-77.3336845,32.89929845,-80.03946503050427
37.5073698,-77.3336845,42.205699100000004,-83.35297537621658
39.498646199999996,-119.77333186086474,41.97795725,-87.90920910980722
43.1161699,-77.67269338979611,42.205699100000004,-83.35297537621658
43.1161699,-77.67269338979611,41.7854316,-87.75084869357148
26.53294975,-81.75880562612211,35.21074145,-80.9457435226013
26.53294975,-81.75880562612211,39.8606676,-104.68536732610298
26.53294975,-81.75880562612211,40.78964545,-73.09731499551691
35.6177681,-106.0866685,33.94216754999999,-118.42139298414197
32.7174202,-117.1627728,38.8950368,-77.0365427
32.7174202,-117.1627728,38.8950368,-77.0365427
32.7174202,-117.1627728,36.0861034,-115.16111989849915
32.7174202,-117.1627728,25.7949789,-80.28672341095405
32.7174202,-117.1627728,37.3633278,-121.92933857603218
29.5334021,-98.46921443046924,39.19764875,-76.68258351960611
29.5334021,-98.46921443046924,31.0616542,-97.8206033626794
29.5334021,-98.46921443046924,29.9841416,-95.33298595614491
29.5334021,-98.46921443046924,28.412903550000003,-81.30944309752753
29.5334021,-98.46921443046924,32.7174202,-117.1627728
29.5334021,-98.46921443046924,38.74962725,-90.37047024952082
34.4221319,-119.702667,37.622451999999996,-122.38398938548363
38.1716962,-85.73540756381095,33.63779875,-84.42927118585675
38.1716962,-85.73540756381095,35.21074145,-80.9457435226013
38.1716962,-85.73540756381095,42.205699100000004,-83.35297537621658
38.1716962,-85.73540756381095,40.642947899999996,-73.7793733748521
38.1716962,-85.73540756381095,41.7854316,-87.75084869357148
47.4475673,-122.3080158569515,61.18103525,-149.99789189730433
47.4475673,-122.3080158569515,47.620044050000004,-117.54236665513882
47.4475673,-122.3080158569515,40.4844693,-107.220936
47.4475673,-122.3080158569515,36.0861034,-115.16111989849915
47.4475673,-122.3080158569515,39.875018,-75.23521278969667
47.4475673,-122.3080158569515,38.687223450000005,-121.5903702806319
37.622451999999996,-122.38398938548363,34.19629105,-118.35441727681797
37.622451999999996,-122.38398938548363,39.1014537,-84.5124602
37.622451999999996,-122.38398938548363,38.8950368,-77.0365427
37.622451999999996,-122.38398938548363,39.8606676,-104.68536732610298
37.622451999999996,-122.38398938548363,25.7949789,-80.28672341095405
37.622451999999996,-122.38398938548363,37.626058,-120.95771779863395
37.622451999999996,-122.38398938548363,43.1420815,-89.33774533660622
37.622451999999996,-122.38398938548363,47.4475673,-122.3080158569515
32.4451121,-93.82673715989384,33.63779875,-84.42927118585675
57.047680549999995,-135.36319363134277,47.4475673,-122.3080158569515
37.3633278,-121.92933857603218,32.7174202,-117.1627728
18.465299,-66.116666,39.19764875,-76.68258351960611
18.465299,-66.116666,40.68906405,-74.17725485035348
40.790066100000004,-111.97989846185591,43.55988165,-116.20782253098173
40.790066100000004,-111.97989846185591,33.815565899999996,-118.15342922166721
40.790066100000004,-111.97989846185591,46.37573125,-117.01550302887455
40.790066100000004,-111.97989846185591,29.9759983,-90.0782127
40.790066100000004,-111.97989846185591,33.83033915,-116.50964534531111
40.790066100000004,-111.97989846185591,42.4817,-114.4877
38.687223450000005,-121.5903702806319,33.63779875,-84.42927118585675
38.687223450000005,-121.5903702806319,33.94216754999999,-118.42139298414197
38.687223450000005,-121.5903702806319,40.790066100000004,-111.97989846185591
33.67420559999999,-117.86801480770461,29.9841416,-95.33298595614491
33.67420559999999,-117.86801480770461,36.0861034,-115.16111989849915
33.67420559999999,-117.86801480770461,37.6432525,-118.9668509
33.67420559999999,-117.86801480770461,37.3633278,-121.92933857603218
39.843686149999996,-89.67956594615978,32.89651945,-97.0465220537124
27.395988350000003,-82.55407423064528,42.3554334,-71.060511
38.74962725,-90.37047024952082,33.563500000000005,-86.75151249023227
38.74962725,-90.37047024952082,35.21074145,-80.9457435226013
38.74962725,-90.37047024952082,40.7757145,-73.87336398511545
38.74962725,-90.37047024952082,35.3848053,-97.60534425082406
38.74962725,-90.37047024952082,36.19914,-95.8867383912098
18.33476905,-64.9724536459818,40.642947899999996,-73.7793733748521
17.7439481,-64.7079823,35.21074145,-80.9457435226013
27.9791649,-82.5349276153517,36.11958985,-86.68308703291842
27.9791649,-82.5349276153517,24.5554773,-81.75961603475078
27.9791649,-82.5349276153517,26.072017000000002,-80.15099673135214
27.9791649,-82.5349276153517,39.6796715,-75.60763354194484
27.9791649,-82.5349276153517,40.642947899999996,-73.7793733748521
27.9791649,-82.5349276153517,40.7757145,-73.87336398511545
27.9791649,-82.5349276153517,39.3023103,-94.72118991743454
27.9791649,-82.5349276153517,41.97795725,-87.90920910980722
27.9791649,-82.5349276153517,36.8946697,-76.20229629965002
27.9791649,-82.5349276153517,43.1161699,-77.67269338979611
27.9791649,-82.5349276153517,38.1716962,-85.73540756381095
40.276411949999996,-74.81321108368704,42.205699100000004,-83.35297537621658
36.19914,-95.8867383912098,32.84524055,-96.84732187569065
36.19914,-95.8867383912098,39.8606676,-104.68536732610298
36.19914,-95.8867383912098,36.0861034,-115.16111989849915
32.11237945,-110.93938747808727,35.037669449999996,-106.61096752176844
32.11237945,-110.93938747808727,33.63779875,-84.42927118585675
32.11237945,-110.93938747808727,36.0861034,-115.16111989849915
32.11237945,-110.93938747808727,45.58902115,-122.5935717503766
44.7606441,-85.6165301,40.7757145,-73.87336398511545
33.45252615,-93.99025019420412,32.89651945,-97.0465220537124
35.9603948,-83.9210261,40.7757145,-73.87336398511545
35.9603948,-83.9210261,35.04625645,-89.97689466513185
30.5085309,-86.5027282,29.9841416,-95.33298595614491
36.0625843,-94.1574328,42.205699100000004,-83.35297537621658
36.0625843,-94.1574328,33.94216754999999,-118.42139298414197
36.0625843,-94.1574328,35.04625645,-89.97689466513185
36.0625843,-94.1574328,40.790066100000004,-111.97989846185591
32.64851395,-114.60772586873736,33.43289075,-112.00942230268426
40.651163100000005,-75.44225386838299,33.63779875,-84.42927118585675
40.651163100000005,-75.44225386838299,28.412903550000003,-81.30944309752753
35.037669449999996,-106.61096752176844,39.8606676,-104.68536732610298
35.037669449999996,-106.61096752176844,29.7589382,-95.3676974
35.037669449999996,-106.61096752176844,38.8950368,-77.0365427
35.037669449999996,-106.61096752176844,29.9841416,-95.33298595614491
35.037669449999996,-106.61096752176844,37.7120907,-122.21450262406256
35.037669449999996,-106.61096752176844,40.790066100000004,-111.97989846185591
45.4649805,-98.487813,44.878019050000006,-93.2209280537696
40.9763645,-124.10842589937442,37.622451999999996,-122.38398938548363
51.7961654,-176.5734916431957,61.18103525,-149.99789189730433
33.37230205,-81.9650639098103,35.21074145,-80.9457435226013
42.748015949999996,-73.79855563763934,36.0861034,-115.16111989849915
42.748015949999996,-73.79855563763934,41.7854316,-87.75084869357148
35.2208033,-101.70973292853489,32.89651945,-97.0465220537124
35.2208033,-101.70973292853489,36.0861034,-115.16111989849915
61.18103525,-149.99789189730433,60.49175165,-145.4738853571373
61.18103525,-149.99789189730433,36.0861034,-115.16111989849915
61.18103525,-149.99789189730433,70.19515995,-148.46482215877188
39.2208967,-106.86697301509874,39.8606676,-104.68536732610298
33.63779875,-84.42927118585675,35.4364233,-82.54088095049624
33.63779875,-84.42927118585675,41.764582,-72.6908547
33.63779875,-84.42927118585675,39.99705605,-82.89304061484347
33.63779875,-84.42927118585675,38.8004299,-104.70327708699932
33.63779875,-84.42927118585675,38.8168307,-92.2198931
33.63779875,-84.42927118585675,46.9208925,-96.81448802996968
33.63779875,-84.42927118585675,25.7949789,-80.28672341095405
33.63779875,-84.42927118585675,41.44772135,-90.51146650735623
33.63779875,-84.42927118585675,44.878019050000006,-93.2209280537696
33.63779875,-84.42927118585675,38.3996962,-107.8330195
33.63779875,-84.42927118585675,36.8946697,-76.20229629965002
33.63779875,-84.42927118585675,35.880361449999995,-78.78723821716514
33.63779875,-84.42927118585675,32.12423765,-81.19770644774445
33.63779875,-84.42927118585675,33.67420559999999,-117.86801480770461
33.63779875,-84.42927118585675,30.39782605,-84.35908394368526
30.19348925,-97.66500963529677,33.63779875,-84.42927118585675
30.19348925,-97.66500963529677,26.072017000000002,-80.15099673135214
30.19348925,-97.66500963529677,29.7589382,-95.3676974
30.19348925,-97.66500963529677,29.9759983,-90.0782127
30.19348925,-97.66500963529677,27.9791649,-82.5349276153517
42.2307865,-85.5510419237961,41.97795725,-87.90920910980722
41.764582,-72.6908547,41.406618550000005,-81.85120214358412
41.764582,-72.6908547,41.7854316,-87.75084869357148
33.563500000000005,-86.75151249023227,30.49375,-81.69303816083792
33.563500000000005,-86.75151249023227,35.04625645,-89.97689466513185
33.563500000000005,-86.75151249023227,29.9759983,-90.0782127
33.563500000000005,-86.75151249023227,27.9791649,-82.5349276153517
46.7964145,-100.8196359,44.878019050000006,-93.2209280537696
40.4733557,-88.91480264613926,32.89651945,-97.0465220537124
40.4733557,-88.91480264613926,44.878019050000006,-93.2209280537696
36.11958985,-86.68308703291842,33.63779875,-84.42927118585675
36.11958985,-86.68308703291842,39.99705605,-82.89304061484347
36.11958985,-86.68308703291842,39.1014537,-84.5124602
36.11958985,-86.68308703291842,34.8954456,-82.21722845651891
36.11958985,-86.68308703291842,36.0861034,-115.16111989849915
36.11958985,-86.68308703291842,33.94216754999999,-118.42139298414197
36.11958985,-86.68308703291842,47.4475673,-122.3080158569515
42.3554334,-71.060511,40.9152061,-81.43992419328089
42.3554334,-71.060511,39.99705605,-82.89304061484347
42.3554334,-71.060511,42.205699100000004,-83.35297537621658
42.3554334,-71.060511,33.815565899999996,-118.15342922166721
42.3554334,-71.060511,26.715364,-80.0532942
42.3554334,-71.060511,35.880361449999995,-78.78723821716514
42.3554334,-71.060511,18.33476905,-64.9724536459818
18.49346055,-67.13421586611547,40.642947899999996,-73.7793733748521
46.3580221,-94.2008288,48.5661049,-93.40407638044815
46.3580221,-94.2008288,44.878019050000006,-93.2209280537696
71.28620995,-156.77500248341514,64.81761,-147.86784231862563
71.28620995,-156.77500248341514,70.19515995,-148.46482215877188
30.5319743,-91.15042415051039,32.89651945,-97.0465220537124
44.472896500000004,-73.15146310750751,40.7757145,-73.87336398511545
42.9402016,-78.73075229745353,36.0861034,-115.16111989849915
34.19629105,-118.35441727681797,36.0861034,-115.16111989849915
34.19629105,-118.35441727681797,45.58902115,-122.5935717503766
39.19764875,-76.68258351960611,35.037669449999996,-106.61096752176844
39.19764875,-76.68258351960611,32.89929845,-80.03946503050427
39.19764875,-76.68258351960611,29.7589382,-95.3676974
39.19764875,-76.68258351960611,32.3629733,-90.8403955
39.19764875,-76.68258351960611,39.3023103,-94.72118991743454
39.19764875,-76.68258351960611,35.04625645,-89.97689466513185
39.19764875,-76.68258351960611,40.49178275,-80.23702448873742
39.19764875,-76.68258351960611,41.8239891,-71.4128343
39.19764875,-76.68258351960611,43.1161699,-77.67269338979611
39.19764875,-76.68258351960611,38.1716962,-85.73540756381095
39.19764875,-76.68258351960611,18.465299,-66.116666
39.19764875,-76.68258351960611,40.790066100000004,-111.97989846185591
39.19764875,-76.68258351960611,27.9791649,-82.5349276153517
45.78359005,-111.15697962783483,40.790066100000004,-111.97989846185591
40.9152061,-81.43992419328089,41.7854316,-87.75084869357148
40.9152061,-81.43992419328089,26.53294975,-81.75880562612211
35.032383550000006,-85.20167788785842,41.97795725,-87.90920910980722
38.029306,-78.4766781,33.63779875,-84.42927118585675
38.029306,-78.4766781,41.97795725,-87.90920910980722
32.89929845,-80.03946503050427,25.7949789,-80.28672341095405
41.406618550000005,-81.85120214358412,32.89651945,-97.0465220537124
41.406618550000005,-81.85120214358412,42.205699100000004,-83.35297537621658
41.406618550000005,-81.85120214358412,41.7854316,-87.75084869357148
41.406618550000005,-81.85120214358412,42.93066555,-71.43882646608829
41.406618550000005,-81.85120214358412,41.97795725,-87.90920910980722
41.406618550000005,-81.85120214358412,35.880361449999995,-78.78723821716514
41.406618550000005,-81.85120214358412,32.7174202,-117.1627728
35.21074145,-80.9457435226013,33.37230205,-81.9650639098103
35.21074145,-80.9457435226013,30.19348925,-97.66500963529677
35.21074145,-80.9457435226013,41.33709205,-75.72257122928625
35.21074145,-80.9457435226013,42.3554334,-71.060511
35.21074145,-80.9457435226013,41.406618550000005,-81.85120214358412
35.21074145,-80.9457435226013,39.99705605,-82.89304061484347
35.21074145,-80.9457435226013,29.7589382,-95.3676974
35.21074145,-80.9457435226013,40.193209800000005,-76.75294587287746
35.21074145,-80.9457435226013,30.4725975,-87.18808592919096
35.21074145,-80.9457435226013,38.1716962,-85.73540756381095
35.21074145,-80.9457435226013,38.687223450000005,-121.5903702806319
35.21074145,-80.9457435226013,27.9791649,-82.5349276153517
39.99705605,-82.89304061484347,41.7854316,-87.75084869357148
39.99705605,-82.89304061484347,35.880361449999995,-78.78723821716514
39.99705605,-82.89304061484347,26.53294975,-81.75880562612211
47.16827015,-88.48651130231423,41.97795725,-87.90920910980722
38.8004299,-104.70327708699932,33.43289075,-112.00942230268426
38.8168307,-92.2198931,28.412903550000003,-81.30944309752753
39.1014537,-84.5124602,36.11958985,-86.68308703291842
39.1014537,-84.5124602,38.8950368,-77.0365427
39.1014537,-84.5124602,42.205699100000004,-83.35297537621658
39.1014537,-84.5124602,26.072017000000002,-80.15099673135214
39.1014537,-84.5124602,25.7949789,-80.28672341095405
39.1014537,-84.5124602,29.9759983,-90.0782127
39.1014537,-84.5124602,41.2587459,-95.9383758
44.7727172,-89.66716494412262,44.878019050000006,-93.2209280537696
32.84524055,-96.84732187569065,33.563500000000005,-86.75151249023227
32.84524055,-96.84732187569065,39.8606676,-104.68536732610298
32.84524055,-96.84732187569065,34.7311092,-92.22457817801748
32.84524055,-96.84732187569065,38.74962725,-90.37047024952082
32.84524055,-96.84732187569065,36.19914,-95.8867383912098
39.905318699999995,-84.22024542480268,39.8606676,-104.68536732610298
39.905318699999995,-84.22024542480268,41.97795725,-87.90920910980722
38.8950368,-77.0365427,35.21074145,-80.9457435226013
38.8950368,-77.0365427,36.0861034,-115.16111989849915
38.8950368,-77.0365427,28.412903550000003,-81.30944309752753
38.8950368,-77.0365427,35.04625645,-89.97689466513185
38.8950368,-77.0365427,25.7949789,-80.28672341095405
38.8950368,-77.0365427,44.878019050000006,-93.2209280537696
39.8606676,-104.68536732610298,39.2208967,-106.86697301509874
39.8606676,-104.68536732610298,46.80199425,-102.80051985071012
39.8606676,-104.68536732610298,44.123068149999995,-123.21390830141057
39.8606676,-104.68536732610298,36.776006,-119.71974456209355
39.8606676,-104.68536732610298,26.072017000000002,-80.15099673135214
39.8606676,-104.68536732610298,35.9824519,-79.9741745
39.8606676,-104.68536732610298,46.6063969,-111.98274447010309
39.8606676,-104.68536732610298,40.642947899999996,-73.7793733748521
39.8606676,-104.68536732610298,33.94216754999999,-118.42139298414197
39.8606676,-104.68536732610298,43.1420815,-89.33774533660622
39.8606676,-104.68536732610298,40.49178275,-80.23702448873742
39.8606676,-104.68536732610298,46.1729122,-119.0697308
39.8606676,-104.68536732610298,44.2165084,-121.2150324
39.8606676,-104.68536732610298,37.0342442,-113.50901654550276
32.89651945,-97.0465220537124,31.329273649999998,-92.54095486627727
32.89651945,-97.0465220537124,33.63779875,-84.42927118585675
32.89651945,-97.0465220537124,32.51660405,-84.94200790181375
32.89651945,-97.0465220537124,39.6425635,-106.917134720113
32.89651945,-97.0465220537124,35.3392525,-94.35697826263008
32.89651945,-97.0465220537124,40.970514949999995,-98.30753671710008
32.89651945,-97.0465220537124,35.9824519,-79.9741745
32.89651945,-97.0465220537124,29.9841416,-95.33298595614491
32.89651945,-97.0465220537124,30.49375,-81.69303816083792
32.89651945,-97.0465220537124,40.642947899999996,-73.7793733748521
32.89651945,-97.0465220537124,37.15928825,-94.50090287254326
32.89651945,-97.0465220537124,38.03480425,-84.60492174770525
32.89651945,-97.0465220537124,30.203161700000003,-91.98991065628175
32.89651945,-97.0465220537124,43.1420815,-89.33774533660622
32.89651945,-97.0465220537124,41.2587459,-95.9383758
32.89651945,-97.0465220537124,37.5073698,-77.3336845
32.89651945,-97.0465220537124,35.6177681,-106.0866685
32.89651945,-97.0465220537124,33.966119899999995,-98.48989708937393
32.89651945,-97.0465220537124,30.39782605,-84.35908394368526
32.89651945,-97.0465220537124,32.11237945,-110.93938747808727
46.80199425,-102.80051985071012,44.878019050000006,-93.2209280537696
37.15284235,-107.7586059173994,32.89651945,-97.0465220537124
41.534549299999995,-93.65923944589736,33.63779875,-84.42927118585675
41.534549299999995,-93.65923944589736,29.9841416,-95.33298595614491
41.534549299999995,-93.65923944589736,36.0861034,-115.16111989849915
41.534549299999995,-93.65923944589736,41.7854316,-87.75084869357148
42.205699100000004,-83.35297537621658,42.2307865,-85.5510419237961
42.205699100000004,-83.35297537621658,39.19764875,-76.68258351960611
42.205699100000004,-83.35297537621658,40.9152061,-81.43992419328089
42.205699100000004,-83.35297537621658,32.89929845,-80.03946503050427
42.205699100000004,-83.35297537621658,35.21074145,-80.9457435226013
42.205699100000004,-83.35297537621658,38.3727111,-81.7073326
42.205699100000004,-83.35297537621658,26.072017000000002,-80.15099673135214
42.205699100000004,-83.35297537621658,39.3023103,-94.72118991743454
42.205699100000004,-83.35297537621658,35.04625645,-89.97689466513185
42.205699100000004,-83.35297537621658,43.1420815,-89.33774533660622
42.205699100000004,-83.35297537621658,41.97795725,-87.90920910980722
42.205699100000004,-83.35297537621658,45.56926645,-84.79695030499335
42.205699100000004,-83.35297537621658,37.32442625,-79.97679739235411
42.205699100000004,-83.35297537621658,29.5334021,-98.46921443046924
42.205699100000004,-83.35297537621658,38.1716962,-85.73540756381095
42.205699100000004,-83.35297537621658,37.622451999999996,-122.38398938548363
44.8689683,-91.4855007489738,41.97795725,-87.90920910980722
30.35993085,-85.80404564346239,39.19764875,-76.68258351960611
39.6425635,-106.917134720113,39.8606676,-104.68536732610298
39.6425635,-106.917134720113,25.7949789,-80.28672341095405
42.1608441,-76.89199038453467,42.205699100000004,-83.35297537621658
31.8092748,-106.36664263248113,33.63779875,-84.42927118585675
38.04188775,-87.5296839642167,33.63779875,-84.42927118585675
40.68906405,-74.17725485035348,44.472896500000004,-73.15146310750751
40.68906405,-74.17725485035348,35.21074145,-80.9457435226013
40.68906405,-74.17725485035348,40.4844693,-107.220936
40.68906405,-74.17725485035348,29.7589382,-95.3676974
40.68906405,-74.17725485035348,38.8950368,-77.0365427
40.68906405,-74.17725485035348,43.6610277,-70.2548596
40.68906405,-74.17725485035348,43.1161699,-77.67269338979611
40.68906405,-74.17725485035348,38.1716962,-85.73540756381095
40.68906405,-74.17725485035348,36.19914,-95.8867383912098
40.68906405,-74.17725485035348,36.0625843,-94.1574328
64.81761,-147.86784231862563,39.8606676,-104.68536732610298
36.776006,-119.71974456209355,39.8606676,-104.68536732610298
36.776006,-119.71974456209355,32.89651945,-97.0465220537124
36.776006,-119.71974456209355,33.43289075,-112.00942230268426
36.776006,-119.71974456209355,40.790066100000004,-111.97989846185591
48.202158,-114.315321,41.97795725,-87.90920910980722
35.140398250000004,-111.67020441781051,33.43289075,-112.00942230268426
26.072017000000002,-80.15099673135214,42.748015949999996,-73.79855563763934
26.072017000000002,-80.15099673135214,39.99705605,-82.89304061484347
26.072017000000002,-80.15099673135214,40.78964545,-73.09731499551691
26.072017000000002,-80.15099673135214,40.642947899999996,-73.7793733748521
26.072017000000002,-80.15099673135214,33.94216754999999,-118.42139298414197
26.072017000000002,-80.15099673135214,39.3023103,-94.72118991743454
26.072017000000002,-80.15099673135214,42.9461717,-87.9138891
26.072017000000002,-80.15099673135214,42.2686095,-71.87306398339443
26.072017000000002,-80.15099673135214,39.875018,-75.23521278969667
44.290635,-105.501876,39.8606676,-104.68536732610298
47.620044050000004,-117.54236665513882,39.8606676,-104.68536732610298
47.620044050000004,-117.54236665513882,40.790066100000004,-111.97989846185591
39.123415800000004,-108.52444920306618,39.2208967,-106.86697301509874
44.47848805,-88.14362007159838,33.63779875,-84.42927118585675
40.970514949999995,-98.30753671710008,32.89651945,-97.0465220537124
35.9824519,-79.9741745,40.68906405,-74.17725485035348
34.8954456,-82.21722845651891,36.11958985,-86.68308703291842
34.8954456,-82.21722845651891,41.97795725,-87.90920910980722
58.423770649999994,-135.70631132484405,58.3566191,-134.58019300175383
40.4844693,-107.220936,41.97795725,-87.90920910980722
47.38500865,-92.83874877590284,44.878019050000006,-93.2209280537696
21.32040435,-157.9173135198164,21.97206585,-159.33671538390365
21.32040435,-157.9173135198164,37.7120907,-122.21450262406256
21.32040435,-157.9173135198164,33.43289075,-112.00942230268426
21.32040435,-157.9173135198164,32.7174202,-117.1627728
29.7589382,-95.3676974,42.3554334,-71.060511
29.7589382,-95.3676974,32.3629733,-90.8403955
29.7589382,-95.3676974,38.74962725,-90.37047024952082
41.0680174,-73.70833333823488,33.63779875,-84.42927118585675
38.8950368,-77.0365427,33.63779875,-84.42927118585675
38.8950368,-77.0365427,42.9632405,-85.6678639
38.8950368,-77.0365427,29.9841416,-95.33298595614491
38.8950368,-77.0365427,36.0861034,-115.16111989849915
38.8950368,-77.0365427,35.880361449999995,-78.78723821716514
29.9841416,-95.33298595614491,35.2208033,-101.70973292853489
29.9841416,-95.33298595614491,33.63779875,-84.42927118585675
29.9841416,-95.33298595614491,26.072017000000002,-80.15099673135214
29.9841416,-95.33298595614491,38.8950368,-77.0365427
29.9841416,-95.33298595614491,27.547214750000002,-99.46147398713819
29.9841416,-95.33298595614491,35.04625645,-89.97689466513185
29.9841416,-95.33298595614491,36.8946697,-76.20229629965002
29.9841416,-95.33298595614491,44.0448069,-103.06068012445681
29.9841416,-95.33298595614491,39.498646199999996,-119.77333186086474
29.9841416,-95.33298595614491,32.351909649999996,-95.40208756061571
37.649253,-97.43226330309298,41.7854316,-87.75084869357148
39.6796715,-75.60763354194484,39.8606676,-104.68536732610298
39.6796715,-75.60763354194484,28.412903550000003,-81.30944309752753
34.27353635,-77.90953507173883,40.7757145,-73.87336398511545
39.7162533,-86.29508388539975,29.7589382,-95.3676974
39.7162533,-86.29508388539975,40.7757145,-73.87336398511545
39.7162533,-86.29508388539975,39.3023103,-94.72118991743454
32.792,-115.563051,33.94216754999999,-118.42139298414197
40.78964545,-73.09731499551691,26.53294975,-81.75880562612211
19.718830599999997,-155.04755391447696,21.32040435,-157.9173135198164
19.718830599999997,-155.04755391447696,19.743906,-156.0422959812206
19.718830599999997,-155.04755391447696,33.94216754999999,-118.42139298414197
19.718830599999997,-155.04755391447696,37.622451999999996,-122.38398938548363
32.3629733,-90.8403955,33.63779875,-84.42927118585675
32.3629733,-90.8403955,35.04625645,-89.97689466513185
32.3629733,-90.8403955,41.97795725,-87.90920910980722
30.49375,-81.69303816083792,33.63779875,-84.42927118585675
30.49375,-81.69303816083792,39.19764875,-76.68258351960611
30.49375,-81.69303816083792,41.97795725,-87.90920910980722
40.642947899999996,-73.7793733748521,33.63779875,-84.42927118585675
40.642947899999996,-73.7793733748521,33.563500000000005,-86.75151249023227
40.642947899999996,-73.7793733748521,35.21074145,-80.9457435226013
40.642947899999996,-73.7793733748521,32.89651945,-97.0465220537124
40.642947899999996,-73.7793733748521,39.6425635,-106.917134720113
40.642947899999996,-73.7793733748521,37.3633278,-121.92933857603218
40.642947899999996,-73.7793733748521,43.1141752,-76.11914451143608
19.743906,-156.0422959812206,21.32040435,-157.9173135198164
19.743906,-156.0422959812206,37.7120907,-122.21450262406256
42.7337712,-84.5553805,41.97795725,-87.90920910980722
36.0861034,-115.16111989849915,35.21074145,-80.9457435226013
36.0861034,-115.16111989849915,39.8606676,-104.68536732610298
36.0861034,-115.16111989849915,40.642947899999996,-73.7793733748521
36.0861034,-115.16111989849915,31.9370282,-102.4154247
36.0861034,-115.16111989849915,28.412903550000003,-81.30944309752753
36.0861034,-115.16111989849915,25.7949789,-80.28672341095405
36.0861034,-115.16111989849915,34.05414245,-117.59915769373036
36.0861034,-115.16111989849915,39.875018,-75.23521278969667
36.0861034,-115.16111989849915,47.4475673,-122.3080158569515
36.0861034,-115.16111989849915,38.74962725,-90.37047024952082
36.0861034,-115.16111989849915,27.9791649,-82.5349276153517
36.0861034,-115.16111989849915,36.19914,-95.8867383912098
36.0861034,-115.16111989849915,32.11237945,-110.93938747808727
33.94216754999999,-118.42139298414197,35.037669449999996,-106.61096752176844
33.94216754999999,-118.42139298414197,43.55988165,-116.20782253098173
33.94216754999999,-118.42139298414197,45.78359005,-111.15697962783483
33.94216754999999,-118.42139298414197,44.123068149999995,-123.21390830141057
33.94216754999999,-118.42139298414197,26.072017000000002,-80.15099673135214
33.94216754999999,-118.42139298414197,21.32040435,-157.9173135198164
33.94216754999999,-118.42139298414197,43.6087926,-110.73803248494762
33.94216754999999,-118.42139298414197,39.3023103,-94.72118991743454
33.94216754999999,-118.42139298414197,29.9759983,-90.0782127
33.94216754999999,-118.42139298414197,33.43289075,-112.00942230268426
40.7757145,-73.87336398511545,44.8072619,-68.81941486105113
40.7757145,-73.87336398511545,42.205699100000004,-83.35297537621658
40.7757145,-73.87336398511545,34.27353635,-77.90953507173883
40.7757145,-73.87336398511545,39.7162533,-86.29508388539975
40.7757145,-73.87336398511545,30.49375,-81.69303816083792
21.97206585,-159.33671538390365,37.3633278,-121.92933857603218
34.7311092,-92.22457817801748,39.19764875,-76.68258351960611
34.7311092,-92.22457817801748,42.205699100000004,-83.35297537621658
40.84731465,-96.75744255958236,39.8606676,-104.68536732610298
39.3023103,-94.72118991743454,35.037669449999996,-106.61096752176844
39.3023103,-94.72118991743454,39.7162533,-86.29508388539975
39.3023103,-94.72118991743454,32.7174202,-117.1627728
39.3023103,-94.72118991743454,36.19914,-95.8867383912098
28.412903550000003,-81.30944309752753,41.764582,-72.6908547
28.412903550000003,-81.30944309752753,42.9402016,-78.73075229745353
28.412903550000003,-81.30944309752753,40.68906405,-74.17725485035348
28.412903550000003,-81.30944309752753,39.7162533,-86.29508388539975
28.412903550000003,-81.30944309752753,40.78964545,-73.09731499551691
28.412903550000003,-81.30944309752753,34.7311092,-92.22457817801748
28.412903550000003,-81.30944309752753,39.3023103,-94.72118991743454
28.412903550000003,-81.30944309752753,41.7854316,-87.75084869357148
28.412903550000003,-81.30944309752753,42.9461717,-87.9138891
28.412903550000003,-81.30944309752753,39.875018,-75.23521278969667
28.412903550000003,-81.30944309752753,35.880361449999995,-78.78723821716514
41.7854316,-87.75084869357148,33.63779875,-84.42927118585675
41.7854316,-87.75084869357148,42.3554334,-71.060511
41.7854316,-87.75084869357148,42.9402016,-78.73075229745353
41.7854316,-87.75084869357148,39.19764875,-76.68258351960611
41.7854316,-87.75084869357148,39.99705605,-82.89304061484347
41.7854316,-87.75084869357148,39.8606676,-104.68536732610298
41.7854316,-87.75084869357148,30.49375,-81.69303816083792
41.7854316,-87.75084869357148,42.93066555,-71.43882646608829
41.7854316,-87.75084869357148,40.49178275,-80.23702448873742
41.7854316,-87.75084869357148,33.67420559999999,-117.86801480770461
35.04625645,-89.97689466513185,39.19764875,-76.68258351960611
35.04625645,-89.97689466513185,29.9841416,-95.33298595614491
35.04625645,-89.97689466513185,40.7757145,-73.87336398511545
35.04625645,-89.97689466513185,39.3023103,-94.72118991743454
35.04625645,-89.97689466513185,41.97795725,-87.90920910980722
35.04625645,-89.97689466513185,47.4475673,-122.3080158569515
35.04625645,-89.97689466513185,40.790066100000004,-111.97989846185591
35.04625645,-89.97689466513185,35.9603948,-83.9210261
35.04625645,-89.97689466513185,36.0625843,-94.1574328
42.3727441,-122.87343834417277,37.622451999999996,-122.38398938548363
42.93066555,-71.43882646608829,26.072017000000002,-80.15099673135214
25.7949789,-80.28672341095405,42.3554334,-71.060511
25.7949789,-80.28672341095405,41.406618550000005,-81.85120214358412
25.7949789,-80.28672341095405,40.642947899999996,-73.7793733748521
25.7949789,-80.28672341095405,33.94216754999999,-118.42139298414197
25.7949789,-80.28672341095405,36.8946697,-76.20229629965002
25.7949789,-80.28672341095405,40.49178275,-80.23702448873742
25.7949789,-80.28672341095405,38.1716962,-85.73540756381095
25.7949789,-80.28672341095405,37.622451999999996,-122.38398938548363
25.7949789,-80.28672341095405,18.465299,-66.116666
42.9461717,-87.9138891,36.0861034,-115.16111989849915
42.9461717,-87.9138891,39.3023103,-94.72118991743454
42.9461717,-87.9138891,35.04625645,-89.97689466513185
42.9461717,-87.9138891,29.9759983,-90.0782127
42.9461717,-87.9138891,27.9791649,-82.5349276153517
32.5111077,-92.0384615,33.63779875,-84.42927118585675
32.5111077,-92.0384615,32.89651945,-97.0465220537124
43.1420815,-89.33774533660622,32.89651945,-97.0465220537124
43.1420815,-89.33774533660622,40.68906405,-74.17725485035348
46.91686665,-114.08780053891442,37.622451999999996,-122.38398938548363
46.91686665,-114.08780053891442,40.790066100000004,-111.97989846185591
44.878019050000006,-93.2209280537696,47.5101068,-94.92982434625608
44.878019050000006,-93.2209280537696,40.68906405,-74.17725485035348
44.878019050000006,-93.2209280537696,46.9208925,-96.81448802996968
44.878019050000006,-93.2209280537696,26.072017000000002,-80.15099673135214
44.878019050000006,-93.2209280537696,40.9798288,-85.18791163159256
44.878019050000006,-93.2209280537696,47.9518219,-97.17447065299604
44.878019050000006,-93.2209280537696,37.649253,-97.43226330309298
44.878019050000006,-93.2209280537696,42.9461717,-87.9138891
44.878019050000006,-93.2209280537696,41.2587459,-95.9383758
44.878019050000006,-93.2209280537696,43.1141752,-76.11914451143608
44.878019050000006,-93.2209280537696,36.0625843,-94.1574328
29.9759983,-90.0782127,30.19348925,-97.66500963529677
29.9759983,-90.0782127,32.89651945,-97.0465220537124
29.9759983,-90.0782127,24.5554773,-81.75961603475078
29.9759983,-90.0782127,35.04625645,-89.97689466513185
29.9759983,-90.0782127,42.9461717,-87.9138891
38.3996962,-107.8330195,33.94216754999999,-118.42139298414197
33.680640600000004,-78.92905970872894,42.3554334,-71.060511
33.680640600000004,-78.92905970872894,40.68906405,-74.17725485035348
33.680640600000004,-78.92905970872894,40.7757145,-73.87336398511545
37.7120907,-122.21450262406256,35.037669449999996,-106.61096752176844
37.7120907,-122.21450262406256,34.19629105,-118.35441727681797
37.7120907,-122.21450262406256,39.8606676,-104.68536732610298
37.7120907,-122.21450262406256,40.642947899999996,-73.7793733748521
37.7120907,-122.21450262406256,33.94216754999999,-118.42139298414197
37.7120907,-122.21450262406256,20.89569785,-156.43404764122727
37.7120907,-122.21450262406256,45.58902115,-122.5935717503766
35.3848053,-97.60534425082406,32.89651945,-97.0465220537124
35.3848053,-97.60534425082406,40.790066100000004,-111.97989846185591
41.2587459,-95.9383758,33.63779875,-84.42927118585675
41.2587459,-95.9383758,35.21074145,-80.9457435226013
41.2587459,-95.9383758,40.68906405,-74.17725485035348
41.2587459,-95.9383758,40.7757145,-73.87336398511545
41.2587459,-95.9383758,47.4475673,-122.3080158569515
34.05414245,-117.59915769373036,33.63779875,-84.42927118585675
41.97795725,-87.90920910980722,42.2307865,-85.5510419237961
41.97795725,-87.90920910980722,39.19764875,-76.68258351960611
41.97795725,-87.90920910980722,40.9152061,-81.43992419328089
41.97795725,-87.90920910980722,41.406618550000005,-81.85120214358412
41.97795725,-87.90920910980722,47.16827015,-88.48651130231423
41.97795725,-87.90920910980722,38.3727111,-81.7073326
41.97795725,-87.90920910980722,32.89651945,-97.0465220537124
41.97795725,-87.90920910980722,44.8689683,-91.4855007489738
41.97795725,-87.90920910980722,38.5323609,-106.93982729134346
41.97795725,-87.90920910980722,39.7162533,-86.29508388539975
41.97795725,-87.90920910980722,32.3629733,-90.8403955
41.97795725,-87.90920910980722,40.7757145,-73.87336398511545
41.97795725,-87.90920910980722,40.84731465,-96.75744255958236
41.97795725,-87.90920910980722,30.69214065,-88.24115749066226
41.97795725,-87.90920910980722,46.91686665,-114.08780053891442
41.97795725,-87.90920910980722,41.8239891,-71.4128343
41.97795725,-87.90920910980722,44.0448069,-103.06068012445681
41.97795725,-87.90920910980722,32.12423765,-81.19770644774445
41.97795725,-87.90920910980722,35.9603948,-83.9210261
36.8946697,-76.20229629965002,36.11958985,-86.68308703291842
26.715364,-80.0532942,32.89651945,-97.0465220537124
26.715364,-80.0532942,40.642947899999996,-73.7793733748521
26.715364,-80.0532942,41.7854316,-87.75084869357148
45.58902115,-122.5935717503766,61.18103525,-149.99789189730433
45.58902115,-122.5935717503766,42.3554334,-71.060511
45.58902115,-122.5935717503766,38.8950368,-77.0365427
45.58902115,-122.5935717503766,40.68906405,-74.17725485035348
45.58902115,-122.5935717503766,21.32040435,-157.9173135198164
45.58902115,-122.5935717503766,19.743906,-156.0422959812206
45.58902115,-122.5935717503766,33.815565899999996,-118.15342922166721
45.58902115,-122.5935717503766,32.7174202,-117.1627728
45.58902115,-122.5935717503766,34.4221319,-119.702667
39.875018,-75.23521278969667,38.8950368,-77.0365427
39.875018,-75.23521278969667,39.8606676,-104.68536732610298
39.875018,-75.23521278969667,42.205699100000004,-83.35297537621658
39.875018,-75.23521278969667,30.49375,-81.69303816083792
39.875018,-75.23521278969667,36.0861034,-115.16111989849915
39.875018,-75.23521278969667,44.878019050000006,-93.2209280537696
39.875018,-75.23521278969667,26.53294975,-81.75880562612211
39.875018,-75.23521278969667,32.7174202,-117.1627728
39.875018,-75.23521278969667,29.5334021,-98.46921443046924
39.875018,-75.23521278969667,38.1716962,-85.73540756381095
33.43289075,-112.00942230268426,36.11958985,-86.68308703291842
33.43289075,-112.00942230268426,43.55988165,-116.20782253098173
33.43289075,-112.00942230268426,39.99705605,-82.89304061484347
33.43289075,-112.00942230268426,31.8092748,-106.36664263248113
33.43289075,-112.00942230268426,35.3848053,-97.60534425082406
33.43289075,-112.00942230268426,38.1716962,-85.73540756381095
33.43289075,-112.00942230268426,40.790066100000004,-111.97989846185591
40.49178275,-80.23702448873742,42.3554334,-71.060511
40.49178275,-80.23702448873742,40.7757145,-73.87336398511545
40.49178275,-80.23702448873742,37.622451999999996,-122.38398938548363
18.008885999999997,-66.5633497464292,40.642947899999996,-73.7793733748521
56.80197975,-132.94493105430846,58.3566191,-134.58019300175383
33.83033915,-116.50964534531111,41.97795725,-87.90920910980722
41.8239891,-71.4128343,39.19764875,-76.68258351960611
41.8239891,-71.4128343,41.406618550000005,-81.85120214358412
41.8239891,-71.4128343,28.412903550000003,-81.30944309752753
41.8239891,-71.4128343,41.7854316,-87.75084869357148
43.6610277,-70.2548596,39.19764875,-76.68258351960611
35.880361449999995,-78.78723821716514,36.11958985,-86.68308703291842
35.880361449999995,-78.78723821716514,29.7589382,-95.3676974
35.880361449999995,-78.78723821716514,36.0861034,-115.16111989849915
35.880361449999995,-78.78723821716514,35.3848053,-97.60534425082406
35.880361449999995,-78.78723821716514,41.97795725,-87.90920910980722
35.880361449999995,-78.78723821716514,33.43289075,-112.00942230268426
35.880361449999995,-78.78723821716514,38.74962725,-90.37047024952082
35.880361449999995,-78.78723821716514,27.9791649,-82.5349276153517
37.5073698,-77.3336845,42.3554334,-71.060511
37.5073698,-77.3336845,41.406618550000005,-81.85120214358412
37.5073698,-77.3336845,40.68906405,-74.17725485035348
37.5073698,-77.3336845,26.072017000000002,-80.15099673135214
37.5073698,-77.3336845,25.7949789,-80.28672341095405
39.498646199999996,-119.77333186086474,29.9841416,-95.33298595614491
39.498646199999996,-119.77333186086474,37.7120907,-122.21450262406256
44.0234387,-92.4630182,44.878019050000006,-93.2209280537696
26.53294975,-81.75880562612211,33.63779875,-84.42927118585675
26.53294975,-81.75880562612211,42.9607553,-83.74563177999201
26.53294975,-81.75880562612211,41.8239891,-71.4128343
26.53294975,-81.75880562612211,38.74962725,-90.37047024952082
32.7174202,-117.1627728,30.19348925,-97.66500963529677
32.7174202,-117.1627728,36.11958985,-86.68308703291842
32.7174202,-117.1627728,38.8004299,-104.70327708699932
32.7174202,-117.1627728,29.7589382,-95.3676974
32.7174202,-117.1627728,41.97795725,-87.90920910980722
32.7174202,-117.1627728,38.687223450000005,-121.5903702806319
29.5334021,-98.46921443046924,35.21074145,-80.9457435226013
29.5334021,-98.46921443046924,33.43289075,-112.00942230268426
29.5334021,-98.46921443046924,27.9791649,-82.5349276153517
34.4221319,-119.702667,33.43289075,-112.00942230268426
41.708347950000004,-86.32303457180205,40.7757145,-73.87336398511545
38.1716962,-85.73540756381095,41.406618550000005,-81.85120214358412
38.1716962,-85.73540756381095,36.0861034,-115.16111989849915
38.1716962,-85.73540756381095,38.74962725,-90.37047024952082
47.4475673,-122.3080158569515,35.21074145,-80.9457435226013
47.4475673,-122.3080158569515,38.8004299,-104.70327708699932
47.4475673,-122.3080158569515,38.8950368,-77.0365427
47.4475673,-122.3080158569515,21.32040435,-157.9173135198164
47.4475673,-122.3080158569515,29.7589382,-95.3676974
47.4475673,-122.3080158569515,29.9841416,-95.33298595614491
47.4475673,-122.3080158569515,21.97206585,-159.33671538390365
47.4475673,-122.3080158569515,44.878019050000006,-93.2209280537696
47.4475673,-122.3080158569515,45.58902115,-122.5935717503766
47.4475673,-122.3080158569515,33.83033915,-116.50964534531111
47.4475673,-122.3080158569515,37.622451999999996,-122.38398938548363
47.4475673,-122.3080158569515,32.11237945,-110.93938747808727
37.622451999999996,-122.38398938548363,33.63779875,-84.42927118585675
37.622451999999996,-122.38398938548363,41.8528065,-124.14986198309553
37.622451999999996,-122.38398938548363,39.793971549999995,-121.8547755058414
37.622451999999996,-122.38398938548363,29.9841416,-95.33298595614491
37.622451999999996,-122.38398938548363,36.0861034,-115.16111989849915
37.622451999999996,-122.38398938548363,21.97206585,-159.33671538390365
37.622451999999996,-122.38398938548363,43.37438245,-124.21265221837068
37.622451999999996,-122.38398938548363,29.5334021,-98.46921443046924
37.24298375,-93.3889140611615,35.04625645,-89.97689466513185
32.4451121,-93.82673715989384,35.04625645,-89.97689466513185
57.047680549999995,-135.36319363134277,55.353764749999996,-131.7083563288072
37.3633278,-121.92933857603218,36.0861034,-115.16111989849915
37.3633278,-121.92933857603218,44.878019050000006,-93.2209280537696
37.3633278,-121.92933857603218,33.43289075,-112.00942230268426
37.3633278,-121.92933857603218,47.4475673,-122.3080158569515
37.3633278,-121.92933857603218,33.67420559999999,-117.86801480770461
18.465299,-66.116666,30.49375,-81.69303816083792
18.465299,-66.116666,40.642947899999996,-73.7793733748521
40.790066100000004,-111.97989846185591,35.037669449999996,-106.61096752176844
40.790066100000004,-111.97989846185591,45.95485055,-112.49659530324134
40.790066100000004,-111.97989846185591,40.68906405,-74.17725485035348
40.790066100000004,-111.97989846185591,36.776006,-119.71974456209355
40.790066100000004,-111.97989846185591,28.412903550000003,-81.30944309752753
40.790066100000004,-111.97989846185591,41.7854316,-87.75084869357148
40.790066100000004,-111.97989846185591,42.9461717,-87.9138891
40.790066100000004,-111.97989846185591,39.875018,-75.23521278969667
40.790066100000004,-111.97989846185591,39.498646199999996,-119.77333186086474
40.790066100000004,-111.97989846185591,33.67420559999999,-117.86801480770461
38.687223450000005,-121.5903702806319,35.21074145,-80.9457435226013
33.67420559999999,-117.86801480770461,39.8606676,-104.68536732610298
33.67420559999999,-117.86801480770461,41.97795725,-87.90920910980722
27.395988350000003,-82.55407423064528,35.21074145,-80.9457435226013
38.74962725,-90.37047024952082,39.8606676,-104.68536732610298
38.74962725,-90.37047024952082,26.072017000000002,-80.15099673135214
38.74962725,-90.37047024952082,40.642947899999996,-73.7793733748521
38.74962725,-90.37047024952082,39.3023103,-94.72118991743454
38.74962725,-90.37047024952082,28.412903550000003,-81.30944309752753
38.74962725,-90.37047024952082,25.7949789,-80.28672341095405
38.74962725,-90.37047024952082,42.9461717,-87.9138891
38.74962725,-90.37047024952082,44.878019050000006,-93.2209280537696
18.33476905,-64.9724536459818,41.97795725,-87.90920910980722
27.9791649,-82.5349276153517,42.3554334,-71.060511
27.9791649,-82.5349276153517,40.9152061,-81.43992419328089
27.9791649,-82.5349276153517,39.905318699999995,-84.22024542480268
27.9791649,-82.5349276153517,33.94216754999999,-118.42139298414197
27.9791649,-82.5349276153517,41.7854316,-87.75084869357148
27.9791649,-82.5349276153517,39.875018,-75.23521278969667
40.276411949999996,-74.81321108368704,26.072017000000002,-80.15099673135214
40.276411949999996,-74.81321108368704,41.7854316,-87.75084869357148
40.276411949999996,-74.81321108368704,29.9759983,-90.0782127
40.276411949999996,-74.81321108368704,35.880361449999995,-78.78723821716514
40.276411949999996,-74.81321108368704,27.9791649,-82.5349276153517
36.19914,-95.8867383912098,42.205699100000004,-83.35297537621658
36.19914,-95.8867383912098,38.8950368,-77.0365427
36.19914,-95.8867383912098,29.9841416,-95.33298595614491
36.19914,-95.8867383912098,37.649253,-97.43226330309298
32.11237945,-110.93938747808727,41.97795725,-87.90920910980722
35.9603948,-83.9210261,40.68906405,-74.17725485035348
35.9603948,-83.9210261,38.8950368,-77.0365427
35.9603948,-83.9210261,29.9841416,-95.33298595614491
35.9603948,-83.9210261,28.412903550000003,-81.30944309752753
36.0625843,-94.1574328,39.8606676,-104.68536732610298
35.037669449999996,-106.61096752176844,39.19764875,-76.68258351960611
35.037669449999996,-106.61096752176844,40.642947899999996,-73.7793733748521
35.037669449999996,-106.61096752176844,33.94216754999999,-118.42139298414197
35.037669449999996,-106.61096752176844,39.3023103,-94.72118991743454
35.037669449999996,-106.61096752176844,44.878019050000006,-93.2209280537696
35.037669449999996,-106.61096752176844,45.58902115,-122.5935717503766
35.037669449999996,-106.61096752176844,47.4475673,-122.3080158569515
35.037669449999996,-106.61096752176844,38.74962725,-90.37047024952082
31.612728500000003,-97.22484008866283,32.89651945,-97.0465220537124
40.9763645,-124.10842589937442,38.687223450000005,-121.5903702806319
42.748015949999996,-73.79855563763934,41.97795725,-87.90920910980722
42.748015949999996,-73.79855563763934,27.9791649,-82.5349276153517
61.18103525,-149.99789189730433,39.8606676,-104.68536732610298
61.18103525,-149.99789189730433,64.81761,-147.86784231862563
61.18103525,-149.99789189730433,66.8836843,-162.61074661016386
61.18103525,-149.99789189730433,37.622451999999996,-122.38398938548363
61.18103525,-149.99789189730433,40.790066100000004,-111.97989846185591
43.9896298,-76.02236707148876,41.97795725,-87.90920910980722
33.63779875,-84.42927118585675,35.037669449999996,-106.61096752176844
33.63779875,-84.42927118585675,31.5339678,-84.19254493414799
33.63779875,-84.42927118585675,42.3554334,-71.060511
33.63779875,-84.42927118585675,42.9402016,-78.73075229745353
33.63779875,-84.42927118585675,42.205699100000004,-83.35297537621658
33.63779875,-84.42927118585675,39.6425635,-106.917134720113
33.63779875,-84.42927118585675,34.9921371,-78.88416820521829
33.63779875,-84.42927118585675,29.69230675,-82.27600055013724
33.63779875,-84.42927118585675,42.9632405,-85.6678639
33.63779875,-84.42927118585675,30.49375,-81.69303816083792
33.63779875,-84.42927118585675,40.193209800000005,-76.75294587287746
33.63779875,-84.42927118585675,30.69214065,-88.24115749066226
33.63779875,-84.42927118585675,46.91686665,-114.08780053891442
33.63779875,-84.42927118585675,41.2587459,-95.9383758
33.63779875,-84.42927118585675,26.715364,-80.0532942
33.63779875,-84.42927118585675,45.58902115,-122.5935717503766
33.63779875,-84.42927118585675,26.53294975,-81.75880562612211
33.63779875,-84.42927118585675,47.4475673,-122.3080158569515
33.63779875,-84.42927118585675,40.790066100000004,-111.97989846185591
33.63779875,-84.42927118585675,38.74962725,-90.37047024952082
33.63779875,-84.42927118585675,43.1141752,-76.11914451143608
30.19348925,-97.66500963529677,40.68906405,-74.17725485035348
30.19348925,-97.66500963529677,41.7854316,-87.75084869357148
30.19348925,-97.66500963529677,39.875018,-75.23521278969667
30.19348925,-97.66500963529677,33.43289075,-112.00942230268426
30.19348925,-97.66500963529677,37.622451999999996,-122.38398938548363
30.19348925,-97.66500963529677,40.790066100000004,-111.97989846185591
35.4364233,-82.54088095049624,40.7757145,-73.87336398511545
35.4364233,-82.54088095049624,41.97795725,-87.90920910980722
41.764582,-72.6908547,35.21074145,-80.9457435226013
41.764582,-72.6908547,26.072017000000002,-80.15099673135214
41.764582,-72.6908547,39.875018,-75.23521278969667
35.3738712,-119.0194639,33.43289075,-112.00942230268426
44.8072619,-68.81941486105113,40.7757145,-73.87336398511545
33.563500000000005,-86.75151249023227,35.21074145,-80.9457435226013
33.563500000000005,-86.75151249023227,39.8606676,-104.68536732610298
33.563500000000005,-86.75151249023227,38.74962725,-90.37047024952082
48.79368955,-122.53595690761102,39.8606676,-104.68536732610298
36.11958985,-86.68308703291842,32.89651945,-97.0465220537124
36.11958985,-86.68308703291842,30.35993085,-85.80404564346239
36.11958985,-86.68308703291842,40.68906405,-74.17725485035348
36.11958985,-86.68308703291842,29.7589382,-95.3676974
36.11958985,-86.68308703291842,29.9841416,-95.33298595614491
36.11958985,-86.68308703291842,30.49375,-81.69303816083792
36.11958985,-86.68308703291842,40.642947899999996,-73.7793733748521
36.11958985,-86.68308703291842,29.9759983,-90.0782127
36.11958985,-86.68308703291842,35.3848053,-97.60534425082406
36.11958985,-86.68308703291842,39.875018,-75.23521278969667
36.11958985,-86.68308703291842,27.9791649,-82.5349276153517
43.55988165,-116.20782253098173,44.878019050000006,-93.2209280537696
43.55988165,-116.20782253098173,37.7120907,-122.21450262406256
42.3554334,-71.060511,42.9402016,-78.73075229745353
42.3554334,-71.060511,35.21074145,-80.9457435226013
42.3554334,-71.060511,32.89651945,-97.0465220537124
42.3554334,-71.060511,40.68906405,-74.17725485035348
42.3554334,-71.060511,38.8950368,-77.0365427
42.3554334,-71.060511,40.7757145,-73.87336398511545
42.3554334,-71.060511,33.680640600000004,-78.92905970872894
42.3554334,-71.060511,37.7120907,-122.21450262406256
42.3554334,-71.060511,40.49178275,-80.23702448873742
42.3554334,-71.060511,26.53294975,-81.75880562612211
42.3554334,-71.060511,32.7174202,-117.1627728
42.3554334,-71.060511,40.790066100000004,-111.97989846185591
45.95485055,-112.49659530324134,40.790066100000004,-111.97989846185591
30.5319743,-91.15042415051039,29.9841416,-95.33298595614491
44.472896500000004,-73.15146310750751,40.68906405,-74.17725485035348
44.472896500000004,-73.15146310750751,40.642947899999996,-73.7793733748521
42.9402016,-78.73075229745353,35.21074145,-80.9457435226013
42.9402016,-78.73075229745353,41.7854316,-87.75084869357148
42.9402016,-78.73075229745353,33.43289075,-112.00942230268426
34.19629105,-118.35441727681797,40.642947899999996,-73.7793733748521
34.19629105,-118.35441727681797,37.3633278,-121.92933857603218
39.19764875,-76.68258351960611,42.748015949999996,-73.79855563763934
39.19764875,-76.68258351960611,30.19348925,-97.66500963529677
39.19764875,-76.68258351960611,41.764582,-72.6908547
39.19764875,-76.68258351960611,39.99705605,-82.89304061484347
39.19764875,-76.68258351960611,26.072017000000002,-80.15099673135214
39.19764875,-76.68258351960611,42.9607553,-83.74563177999201
39.19764875,-76.68258351960611,40.7757145,-73.87336398511545
39.19764875,-76.68258351960611,33.43289075,-112.00942230268426
45.78359005,-111.15697962783483,39.8606676,-104.68536732610298
40.9152061,-81.43992419328089,42.3554334,-71.060511
32.89929845,-80.03946503050427,42.3554334,-71.060511
32.89929845,-80.03946503050427,35.21074145,-80.9457435226013
33.12754605000001,-117.2814001459839,33.94216754999999,-118.42139298414197
41.406618550000005,-81.85120214358412,42.748015949999996,-73.79855563763934
41.406618550000005,-81.85120214358412,30.19348925,-97.66500963529677
41.406618550000005,-81.85120214358412,40.68906405,-74.17725485035348
41.406618550000005,-81.85120214358412,28.412903550000003,-81.30944309752753
41.406618550000005,-81.85120214358412,43.1420815,-89.33774533660622
41.406618550000005,-81.85120214358412,40.49178275,-80.23702448873742
41.406618550000005,-81.85120214358412,37.5073698,-77.3336845
41.406618550000005,-81.85120214358412,44.7606441,-85.6165301
30.63009225,-96.33683659611643,32.89651945,-97.0465220537124
35.21074145,-80.9457435226013,35.4364233,-82.54088095049624
35.21074145,-80.9457435226013,33.563500000000005,-86.75151249023227
35.21074145,-80.9457435226013,42.9402016,-78.73075229745353
35.21074145,-80.9457435226013,41.7854316,-87.75084869357148
35.21074145,-80.9457435226013,39.875018,-75.23521278969667
35.21074145,-80.9457435226013,41.8239891,-71.4128343
35.21074145,-80.9457435226013,17.7439481,-64.7079823
35.21074145,-80.9457435226013,35.9603948,-83.9210261
39.99705605,-82.89304061484347,39.8606676,-104.68536732610298
39.99705605,-82.89304061484347,42.205699100000004,-83.35297537621658
39.99705605,-82.89304061484347,29.9841416,-95.33298595614491
39.99705605,-82.89304061484347,36.0861034,-115.16111989849915
39.99705605,-82.89304061484347,38.74962725,-90.37047024952082
39.99705605,-82.89304061484347,40.276411949999996,-74.81321108368704
40.1157948,-88.241194,41.97795725,-87.90920910980722
44.520751950000005,-109.02185342965336,39.8606676,-104.68536732610298
38.8168307,-92.2198931,32.89651945,-97.0465220537124
38.8168307,-92.2198931,41.97795725,-87.90920910980722
38.3727111,-81.7073326,32.89651945,-97.0465220537124
38.3727111,-81.7073326,29.9841416,-95.33298595614491
38.3727111,-81.7073326,41.97795725,-87.90920910980722
39.1014537,-84.5124602,38.8950368,-77.0365427
39.1014537,-84.5124602,36.0861034,-115.16111989849915
39.1014537,-84.5124602,33.94216754999999,-118.42139298414197
39.1014537,-84.5124602,40.7757145,-73.87336398511545
39.1014537,-84.5124602,40.193209800000005,-76.75294587287746
39.1014537,-84.5124602,37.5073698,-77.3336845
39.1014537,-84.5124602,26.53294975,-81.75880562612211
39.1014537,-84.5124602,37.622451999999996,-122.38398938548363
39.1014537,-84.5124602,38.74962725,-90.37047024952082
41.1562943,-104.80882461926535,39.8606676,-104.68536732610298
29.181643899999997,-81.05426943447691,33.63779875,-84.42927118585675
32.84524055,-96.84732187569065,35.2208033,-101.70973292853489
32.84524055,-96.84732187569065,31.8092748,-106.36664263248113
42.401292299999994,-90.70595539381172,41.97795725,-87.90920910980722
38.8950368,-77.0365427,33.63779875,-84.42927118585675
38.8950368,-77.0365427,39.8606676,-104.68536732610298
38.8950368,-77.0365427,42.205699100000004,-83.35297537621658
38.8950368,-77.0365427,26.53294975,-81.75880562612211
38.8950368,-77.0365427,40.790066100000004,-111.97989846185591
39.8606676,-104.68536732610298,33.63779875,-84.42927118585675
39.8606676,-104.68536732610298,46.7964145,-100.8196359
39.8606676,-104.68536732610298,43.55988165,-116.20782253098173
39.8606676,-104.68536732610298,38.8004299,-104.70327708699932
39.8606676,-104.68536732610298,39.905318699999995,-84.22024542480268
39.8606676,-104.68536732610298,39.123415800000004,-108.52444920306618
39.8606676,-104.68536732610298,39.7162533,-86.29508388539975
39.8606676,-104.68536732610298,41.3134545,-105.6728653935462
39.8606676,-104.68536732610298,31.9370282,-102.4154247
39.8606676,-104.68536732610298,39.3023103,-94.72118991743454
39.8606676,-104.68536732610298,35.04625645,-89.97689466513185
39.8606676,-104.68536732610298,42.9461717,-87.9138891
39.8606676,-104.68536732610298,46.91686665,-114.08780053891442
39.8606676,-104.68536732610298,41.97795725,-87.90920910980722
39.8606676,-104.68536732610298,39.875018,-75.23521278969667
39.8606676,-104.68536732610298,41.8239891,-71.4128343
39.8606676,-104.68536732610298,26.53294975,-81.75880562612211
39.8606676,-104.68536732610298,38.74962725,-90.37047024952082
32.89651945,-97.0465220537124,32.407743749999995,-99.67936992920886
32.89651945,-97.0465220537124,41.764582,-72.6908547
32.89651945,-97.0465220537124,33.93886305,-81.1139715103596
32.89651945,-97.0465220537124,40.1157948,-88.241194
32.89651945,-97.0465220537124,40.68906405,-74.17725485035348
32.89651945,-97.0465220537124,40.4844693,-107.220936
32.89651945,-97.0465220537124,36.0861034,-115.16111989849915
32.89651945,-97.0465220537124,33.66525745,-101.82668866739934
32.89651945,-97.0465220537124,30.2072293,-93.2061609
32.89651945,-97.0465220537124,39.1713656,-96.59393685497088
32.89651945,-97.0465220537124,38.3996962,-107.8330195
32.89651945,-97.0465220537124,35.3848053,-97.60534425082406
32.89651945,-97.0465220537124,34.05414245,-117.59915769373036
32.89651945,-97.0465220537124,33.43289075,-112.00942230268426
32.89651945,-97.0465220537124,39.498646199999996,-119.77333186086474
41.534549299999995,-93.65923944589736,44.472896500000004,-73.15146310750751
41.534549299999995,-93.65923944589736,32.89651945,-97.0465220537124
42.205699100000004,-83.35297537621658,35.4364233,-82.54088095049624
42.205699100000004,-83.35297537621658,33.563500000000005,-86.75151249023227
42.205699100000004,-83.35297537621658,44.472896500000004,-73.15146310750751
42.205699100000004,-83.35297537621658,41.406618550000005,-81.85120214358412
42.205699100000004,-83.35297537621658,42.1608441,-76.89199038453467
42.205699100000004,-83.35297537621658,40.9798288,-85.18791163159256
42.205699100000004,-83.35297537621658,34.8954456,-82.21722845651891
42.205699100000004,-83.35297537621658,41.0680174,-73.70833333823488
42.205699100000004,-83.35297537621658,38.8950368,-77.0365427
42.205699100000004,-83.35297537621658,38.03480425,-84.60492174770525
42.205699100000004,-83.35297537621658,33.680640600000004,-78.92905970872894
42.205699100000004,-83.35297537621658,40.790066100000004,-111.97989846185591
42.205699100000004,-83.35297537621658,38.74962725,-90.37047024952082
39.6425635,-106.917134720113,40.642947899999996,-73.7793733748521
41.1958128,-115.3272864,40.790066100000004,-111.97989846185591
31.8092748,-106.36664263248113,35.037669449999996,-106.61096752176844
31.8092748,-106.36664263248113,32.89651945,-97.0465220537124
31.8092748,-106.36664263248113,41.97795725,-87.90920910980722
31.8092748,-106.36664263248113,32.7174202,-117.1627728
45.72455915,-87.08899328344751,42.205699100000004,-83.35297537621658
40.68906405,-74.17725485035348,33.63779875,-84.42927118585675
40.68906405,-74.17725485035348,36.11958985,-86.68308703291842
40.68906405,-74.17725485035348,28.412903550000003,-81.30944309752753
40.68906405,-74.17725485035348,41.8239891,-71.4128343
40.68906405,-74.17725485035348,37.622451999999996,-122.38398938548363
64.81761,-147.86784231862563,44.878019050000006,-93.2209280537696
46.9208925,-96.81448802996968,41.97795725,-87.90920910980722
34.9921371,-78.88416820521829,35.21074145,-80.9457435226013
26.072017000000002,-80.15099673135214,41.764582,-72.6908547
26.072017000000002,-80.15099673135214,42.3554334,-71.060511
26.072017000000002,-80.15099673135214,40.68906405,-74.17725485035348
26.072017000000002,-80.15099673135214,29.7589382,-95.3676974
26.072017000000002,-80.15099673135214,35.04625645,-89.97689466513185
42.9607553,-83.74563177999201,36.0861034,-115.16111989849915
44.290635,-105.501876,41.59507585,-109.06842143015916
44.47848805,-88.14362007159838,44.878019050000006,-93.2209280537696
44.47848805,-88.14362007159838,41.97795725,-87.90920910980722
31.0616542,-97.8206033626794,32.89651945,-97.0465220537124
42.9632405,-85.6678639,39.19764875,-76.68258351960611
42.9632405,-85.6678639,42.205699100000004,-83.35297537621658
42.9632405,-85.6678639,40.7757145,-73.87336398511545
42.9632405,-85.6678639,27.9791649,-82.5349276153517
35.9824519,-79.9741745,39.1014537,-84.5124602
35.9824519,-79.9741745,38.8950368,-77.0365427
34.8954456,-82.21722845651891,42.205699100000004,-83.35297537621658
34.8954456,-82.21722845651891,29.7589382,-95.3676974
34.8954456,-82.21722845651891,29.9841416,-95.33298595614491
34.8954456,-82.21722845651891,41.7854316,-87.75084869357148
38.5323609,-106.93982729134346,41.97795725,-87.90920910980722
40.4844693,-107.220936,33.63779875,-84.42927118585675
40.4844693,-107.220936,29.9841416,-95.33298595614491
40.4844693,-107.220936,44.878019050000006,-93.2209280537696
46.6063969,-111.98274447010309,44.878019050000006,-93.2209280537696
21.32040435,-157.9173135198164,40.642947899999996,-73.7793733748521
21.32040435,-157.9173135198164,36.0861034,-115.16111989849915
29.7589382,-95.3676974,35.037669449999996,-106.61096752176844
29.7589382,-95.3676974,32.89929845,-80.03946503050427
29.7589382,-95.3676974,27.7702374,-97.50657535472868
29.7589382,-95.3676974,32.89651945,-97.0465220537124
29.7589382,-95.3676974,30.35993085,-85.80404564346239
29.7589382,-95.3676974,30.49375,-81.69303816083792
29.7589382,-95.3676974,40.642947899999996,-73.7793733748521
29.7589382,-95.3676974,28.412903550000003,-81.30944309752753
29.7589382,-95.3676974,35.04625645,-89.97689466513185
29.7589382,-95.3676974,35.880361449999995,-78.78723821716514
38.8950368,-77.0365427,36.11958985,-86.68308703291842
38.8950368,-77.0365427,42.3554334,-71.060511
38.8950368,-77.0365427,42.9402016,-78.73075229745353
38.8950368,-77.0365427,32.89929845,-80.03946503050427
38.8950368,-77.0365427,41.406618550000005,-81.85120214358412
38.8950368,-77.0365427,38.8004299,-104.70327708699932
38.8950368,-77.0365427,39.7162533,-86.29508388539975
38.8950368,-77.0365427,39.3023103,-94.72118991743454
38.8950368,-77.0365427,32.12423765,-81.19770644774445
38.8950368,-77.0365427,37.622451999999996,-122.38398938548363
38.8950368,-77.0365427,18.465299,-66.116666
29.9841416,-95.33298595614491,25.916283999999997,-97.41935535662694
29.9841416,-95.33298595614491,30.5319743,-91.15042415051039
29.9841416,-95.33298595614491,39.1014537,-84.5124602
29.9841416,-95.33298595614491,40.4844693,-107.220936
29.9841416,-95.33298595614491,32.707667,-103.1311314
29.9841416,-95.33298595614491,43.6087926,-110.73803248494762
29.9841416,-95.33298595614491,30.49375,-81.69303816083792
29.9841416,-95.33298595614491,33.66525745,-101.82668866739934
29.9841416,-95.33298595614491,30.203161700000003,-91.98991065628175
29.9841416,-95.33298595614491,30.69214065,-88.24115749066226
29.9841416,-95.33298595614491,43.1420815,-89.33774533660622
29.9841416,-95.33298595614491,35.3848053,-97.60534425082406
29.9841416,-95.33298595614491,34.05414245,-117.59915769373036
29.9841416,-95.33298595614491,26.715364,-80.0532942
29.9841416,-95.33298595614491,45.58902115,-122.5935717503766
29.9841416,-95.33298595614491,29.5334021,-98.46921443046924
29.9841416,-95.33298595614491,38.1716962,-85.73540756381095
29.9841416,-95.33298595614491,37.622451999999996,-122.38398938548363
29.9841416,-95.33298595614491,32.4451121,-93.82673715989384
29.9841416,-95.33298595614491,38.74962725,-90.37047024952082
37.649253,-97.43226330309298,32.84524055,-96.84732187569065
37.649253,-97.43226330309298,33.94216754999999,-118.42139298414197
39.6796715,-75.60763354194484,29.9841416,-95.33298595614491
39.7162533,-86.29508388539975,39.19764875,-76.68258351960611
39.7162533,-86.29508388539975,41.406618550000005,-81.85120214358412
39.7162533,-86.29508388539975,26.53294975,-81.75880562612211
48.1465457,-103.621814,39.8606676,-104.68536732610298
40.78964545,-73.09731499551691,28.412903550000003,-81.30944309752753
42.442612,-76.4696039,42.205699100000004,-83.35297537621658
43.6087926,-110.73803248494762,40.790066100000004,-111.97989846185591
32.3629733,-90.8403955,39.19764875,-76.68258351960611
32.3629733,-90.8403955,35.21074145,-80.9457435226013
30.49375,-81.69303816083792,36.11958985,-86.68308703291842
30.49375,-81.69303816083792,41.7854316,-87.75084869357148
40.642947899999996,-73.7793733748521,36.11958985,-86.68308703291842
40.642947899999996,-73.7793733748521,32.89929845,-80.03946503050427
40.642947899999996,-73.7793733748521,38.8950368,-77.0365427
40.642947899999996,-73.7793733748521,33.815565899999996,-118.15342922166721
40.642947899999996,-73.7793733748521,33.43289075,-112.00942230268426
40.642947899999996,-73.7793733748521,33.83033915,-116.50964534531111
40.642947899999996,-73.7793733748521,37.5073698,-77.3336845
40.642947899999996,-73.7793733748521,43.1161699,-77.67269338979611
40.642947899999996,-73.7793733748521,38.687223450000005,-121.5903702806319
19.743906,-156.0422959812206,45.58902115,-122.5935717503766
42.7337712,-84.5553805,44.7606441,-85.6165301
36.0861034,-115.16111989849915,33.63779875,-84.42927118585675
36.0861034,-115.16111989849915,41.764582,-72.6908547
36.0861034,-115.16111989849915,33.563500000000005,-86.75151249023227
36.0861034,-115.16111989849915,32.89651945,-97.0465220537124
36.0861034,-115.16111989849915,40.68906405,-74.17725485035348
36.0861034,-115.16111989849915,39.3023103,-94.72118991743454
36.0861034,-115.16111989849915,41.7854316,-87.75084869357148
36.0861034,-115.16111989849915,39.498646199999996,-119.77333186086474
33.94216754999999,-118.42139298414197,33.12754605000001,-117.2814001459839
33.94216754999999,-118.42139298414197,41.406618550000005,-81.85120214358412
33.94216754999999,-118.42139298414197,35.21074145,-80.9457435226013
33.94216754999999,-118.42139298414197,38.8950368,-77.0365427
33.94216754999999,-118.42139298414197,39.8606676,-104.68536732610298
33.94216754999999,-118.42139298414197,38.3996962,-107.8330195
33.94216754999999,-118.42139298414197,41.2587459,-95.9383758
33.94216754999999,-118.42139298414197,45.58902115,-122.5935717503766
33.94216754999999,-118.42139298414197,39.498646199999996,-119.77333186086474
33.94216754999999,-118.42139298414197,37.622451999999996,-122.38398938548363
33.94216754999999,-118.42139298414197,37.0342442,-113.50901654550276
33.94216754999999,-118.42139298414197,32.11237945,-110.93938747808727
33.94216754999999,-118.42139298414197,36.0625843,-94.1574328
38.03480425,-84.60492174770525,35.21074145,-80.9457435226013
38.03480425,-84.60492174770525,41.97795725,-87.90920910980722
30.203161700000003,-91.98991065628175,32.89651945,-97.0465220537124
30.203161700000003,-91.98991065628175,29.9841416,-95.33298595614491
40.7757145,-73.87336398511545,35.21074145,-80.9457435226013
40.7757145,-73.87336398511545,38.8950368,-77.0365427
40.7757145,-73.87336398511545,34.8954456,-82.21722845651891
40.7757145,-73.87336398511545,29.9841416,-95.33298595614491
40.7757145,-73.87336398511545,40.49178275,-80.23702448873742
40.7757145,-73.87336398511545,43.1141752,-76.11914451143608
40.7757145,-73.87336398511545,44.7606441,-85.6165301
40.7757145,-73.87336398511545,36.0625843,-94.1574328
33.815565899999996,-118.15342922166721,33.43289075,-112.00942230268426
21.97206585,-159.33671538390365,33.94216754999999,-118.42139298414197
34.7311092,-92.22457817801748,29.7589382,-95.3676974
34.7311092,-92.22457817801748,28.412903550000003,-81.30944309752753
34.7311092,-92.22457817801748,41.7854316,-87.75084869357148
34.7311092,-92.22457817801748,33.43289075,-112.00942230268426
34.7311092,-92.22457817801748,36.0625843,-94.1574328
27.547214750000002,-99.46147398713819,32.89651945,-97.0465220537124
39.3023103,-94.72118991743454,39.19764875,-76.68258351960611
39.3023103,-94.72118991743454,35.21074145,-80.9457435226013
39.3023103,-94.72118991743454,38.8950368,-77.0365427
39.3023103,-94.72118991743454,26.072017000000002,-80.15099673135214
39.3023103,-94.72118991743454,36.0861034,-115.16111989849915
39.3023103,-94.72118991743454,28.412903550000003,-81.30944309752753
32.693839499999996,-83.64801777043445,39.3023103,-94.72118991743454
28.412903550000003,-81.30944309752753,35.037669449999996,-106.61096752176844
28.412903550000003,-81.30944309752753,42.748015949999996,-73.79855563763934
28.412903550000003,-81.30944309752753,40.4733557,-88.91480264613926
28.412903550000003,-81.30944309752753,42.3554334,-71.060511
28.412903550000003,-81.30944309752753,32.89651945,-97.0465220537124
28.412903550000003,-81.30944309752753,42.205699100000004,-83.35297537621658
28.412903550000003,-81.30944309752753,26.072017000000002,-80.15099673135214
28.412903550000003,-81.30944309752753,38.8950368,-77.0365427
28.412903550000003,-81.30944309752753,32.3629733,-90.8403955
28.412903550000003,-81.30944309752753,35.3848053,-97.60534425082406
28.412903550000003,-81.30944309752753,43.1161699,-77.67269338979611
40.193209800000005,-76.75294587287746,28.412903550000003,-81.30944309752753
41.7854316,-87.75084869357148,36.11958985,-86.68308703291842
41.7854316,-87.75084869357148,35.21074145,-80.9457435226013
41.7854316,-87.75084869357148,28.412903550000003,-81.30944309752753
41.7854316,-87.75084869357148,39.498646199999996,-119.77333186086474
41.7854316,-87.75084869357148,29.5334021,-98.46921443046924
41.7854316,-87.75084869357148,40.790066100000004,-111.97989846185591
41.7854316,-87.75084869357148,38.74962725,-90.37047024952082
41.7854316,-87.75084869357148,40.276411949999996,-74.81321108368704
35.04625645,-89.97689466513185,30.5319743,-91.15042415051039
35.04625645,-89.97689466513185,39.99705605,-82.89304061484347
35.04625645,-89.97689466513185,26.072017000000002,-80.15099673135214
35.04625645,-89.97689466513185,33.94216754999999,-118.42139298414197
35.04625645,-89.97689466513185,44.878019050000006,-93.2209280537696
35.04625645,-89.97689466513185,35.880361449999995,-78.78723821716514
35.04625645,-89.97689466513185,29.5334021,-98.46921443046924
42.93066555,-71.43882646608829,39.19764875,-76.68258351960611
42.93066555,-71.43882646608829,41.406618550000005,-81.85120214358412
25.7949789,-80.28672341095405,39.19764875,-76.68258351960611
25.7949789,-80.28672341095405,35.21074145,-80.9457435226013
25.7949789,-80.28672341095405,39.1014537,-84.5124602
25.7949789,-80.28672341095405,24.5554773,-81.75961603475078
25.7949789,-80.28672341095405,29.69230675,-82.27600055013724
25.7949789,-80.28672341095405,36.0861034,-115.16111989849915
25.7949789,-80.28672341095405,37.5073698,-77.3336845
25.7949789,-80.28672341095405,32.7174202,-117.1627728
42.9461717,-87.9138891,42.205699100000004,-83.35297537621658
42.9461717,-87.9138891,44.878019050000006,-93.2209280537696
42.9461717,-87.9138891,40.790066100000004,-111.97989846185591
41.44772135,-90.51146650735623,39.8606676,-104.68536732610298
43.1420815,-89.33774533660622,37.622451999999996,-122.38398938548363
43.1420815,-89.33774533660622,40.790066100000004,-111.97989846185591
46.91686665,-114.08780053891442,44.878019050000006,-93.2209280537696
44.878019050000006,-93.2209280537696,40.4733557,-88.91480264613926
44.878019050000006,-93.2209280537696,46.80199425,-102.80051985071012
44.878019050000006,-93.2209280537696,39.6425635,-106.917134720113
44.878019050000006,-93.2209280537696,48.202158,-114.315321
44.878019050000006,-93.2209280537696,42.9607553,-83.74563177999201
44.878019050000006,-93.2209280537696,40.642947899999996,-73.7793733748521
44.878019050000006,-93.2209280537696,25.7949789,-80.28672341095405
44.878019050000006,-93.2209280537696,37.622451999999996,-122.38398938548363
44.878019050000006,-93.2209280537696,38.687223450000005,-121.5903702806319
29.9759983,-90.0782127,29.9841416,-95.33298595614491
29.9759983,-90.0782127,39.875018,-75.23521278969667
29.9759983,-90.0782127,40.790066100000004,-111.97989846185591
29.9759983,-90.0782127,40.276411949999996,-74.81321108368704
37.7120907,-122.21450262406256,38.8950368,-77.0365427
37.7120907,-122.21450262406256,39.498646199999996,-119.77333186086474
37.7120907,-122.21450262406256,33.67420559999999,-117.86801480770461
20.89569785,-156.43404764122727,32.89651945,-97.0465220537124
20.89569785,-156.43404764122727,33.43289075,-112.00942230268426
41.2587459,-95.9383758,28.412903550000003,-81.30944309752753
64.5124643,-165.4560373774767,61.18103525,-149.99789189730433
34.05414245,-117.59915769373036,45.58902115,-122.5935717503766
34.05414245,-117.59915769373036,33.43289075,-112.00942230268426
34.05414245,-117.59915769373036,47.4475673,-122.3080158569515
41.97795725,-87.90920910980722,42.557709700000004,-92.3940615771661
41.97795725,-87.90920910980722,41.33709205,-75.72257122928625
41.97795725,-87.90920910980722,46.84183845,-92.20329684929376
41.97795725,-87.90920910980722,40.68906405,-74.17725485035348
41.97795725,-87.90920910980722,64.81761,-147.86784231862563
41.97795725,-87.90920910980722,26.072017000000002,-80.15099673135214
41.97795725,-87.90920910980722,42.9632405,-85.6678639
41.97795725,-87.90920910980722,40.4844693,-107.220936
41.97795725,-87.90920910980722,37.649253,-97.43226330309298
41.97795725,-87.90920910980722,40.642947899999996,-73.7793733748521
41.97795725,-87.90920910980722,46.349652,-87.3871745
41.97795725,-87.90920910980722,43.1420815,-89.33774533660622
41.97795725,-87.90920910980722,20.89569785,-156.43404764122727
41.97795725,-87.90920910980722,26.715364,-80.0532942
41.97795725,-87.90920910980722,35.880361449999995,-78.78723821716514
41.97795725,-87.90920910980722,37.32442625,-79.97679739235411
41.97795725,-87.90920910980722,29.5334021,-98.46921443046924
41.97795725,-87.90920910980722,38.1716962,-85.73540756381095
41.97795725,-87.90920910980722,37.24298375,-93.3889140611615
41.97795725,-87.90920910980722,18.465299,-66.116666
41.97795725,-87.90920910980722,18.33476905,-64.9724536459818
36.8946697,-76.20229629965002,42.3554334,-71.060511
36.8946697,-76.20229629965002,40.68906405,-74.17725485035348
36.8946697,-76.20229629965002,38.8950368,-77.0365427
36.8946697,-76.20229629965002,41.97795725,-87.90920910980722
43.37438245,-124.21265221837068,37.622451999999996,-122.38398938548363
66.8836843,-162.61074661016386,61.18103525,-149.99789189730433
26.715364,-80.0532942,42.9402016,-78.73075229745353
26.715364,-80.0532942,29.9841416,-95.33298595614491
26.715364,-80.0532942,41.8239891,-71.4128343
45.58902115,-122.5935717503766,35.037669449999996,-106.61096752176844
45.58902115,-122.5935717503766,42.205699100000004,-83.35297537621658
45.58902115,-122.5935717503766,64.81761,-147.86784231862563
45.58902115,-122.5935717503766,47.620044050000004,-117.54236665513882
45.58902115,-122.5935717503766,33.94216754999999,-118.42139298414197
45.58902115,-122.5935717503766,21.97206585,-159.33671538390365
45.58902115,-122.5935717503766,37.7120907,-122.21450262406256
45.58902115,-122.5935717503766,39.498646199999996,-119.77333186086474
45.58902115,-122.5935717503766,38.687223450000005,-121.5903702806319
39.875018,-75.23521278969667,42.748015949999996,-73.79855563763934
39.875018,-75.23521278969667,41.764582,-72.6908547
39.875018,-75.23521278969667,35.21074145,-80.9457435226013
39.875018,-75.23521278969667,29.7589382,-95.3676974
39.875018,-75.23521278969667,40.642947899999996,-73.7793733748521
39.875018,-75.23521278969667,25.7949789,-80.28672341095405
39.875018,-75.23521278969667,41.97795725,-87.90920910980722
39.875018,-75.23521278969667,18.465299,-66.116666
39.875018,-75.23521278969667,27.9791649,-82.5349276153517
33.43289075,-112.00942230268426,26.072017000000002,-80.15099673135214
33.43289075,-112.00942230268426,38.8950368,-77.0365427
33.43289075,-112.00942230268426,35.04625645,-89.97689466513185
33.43289075,-112.00942230268426,36.58705795,-121.84193978436595
33.43289075,-112.00942230268426,34.05414245,-117.59915769373036
33.43289075,-112.00942230268426,45.58902115,-122.5935717503766
33.43289075,-112.00942230268426,47.4475673,-122.3080158569515
33.43289075,-112.00942230268426,37.3633278,-121.92933857603218
40.49178275,-80.23702448873742,36.11958985,-86.68308703291842
40.49178275,-80.23702448873742,38.3727111,-81.7073326
40.49178275,-80.23702448873742,25.7949789,-80.28672341095405
40.49178275,-80.23702448873742,37.5073698,-77.3336845
30.4725975,-87.18808592919096,33.63779875,-84.42927118585675
30.4725975,-87.18808592919096,32.89651945,-97.0465220537124
46.1729122,-119.0697308,39.8606676,-104.68536732610298
56.80197975,-132.94493105430846,56.4839528,-132.36889739256793
33.83033915,-116.50964534531111,44.878019050000006,-93.2209280537696
41.8239891,-71.4128343,42.205699100000004,-83.35297537621658
41.8239891,-71.4128343,40.68906405,-74.17725485035348
41.8239891,-71.4128343,41.97795725,-87.90920910980722
44.0448069,-103.06068012445681,44.878019050000006,-93.2209280537696
44.2165084,-121.2150324,45.58902115,-122.5935717503766
44.2165084,-121.2150324,40.790066100000004,-111.97989846185591
35.880361449999995,-78.78723821716514,39.19764875,-76.68258351960611
35.880361449999995,-78.78723821716514,42.205699100000004,-83.35297537621658
35.880361449999995,-78.78723821716514,40.642947899999996,-73.7793733748521
35.880361449999995,-78.78723821716514,40.7757145,-73.87336398511545
35.880361449999995,-78.78723821716514,35.04625645,-89.97689466513185
35.880361449999995,-78.78723821716514,25.7949789,-80.28672341095405
37.5073698,-77.3336845,33.63779875,-84.42927118585675
37.5073698,-77.3336845,39.1014537,-84.5124602
39.498646199999996,-119.77333186086474,41.7854316,-87.75084869357148
39.498646199999996,-119.77333186086474,45.58902115,-122.5935717503766
39.498646199999996,-119.77333186086474,37.622451999999996,-122.38398938548363
37.32442625,-79.97679739235411,33.63779875,-84.42927118585675
43.1161699,-77.67269338979611,40.68906405,-74.17725485035348
26.53294975,-81.75880562612211,39.19764875,-76.68258351960611
26.53294975,-81.75880562612211,29.9841416,-95.33298595614491
26.53294975,-81.75880562612211,39.875018,-75.23521278969667
26.53294975,-81.75880562612211,40.276411949999996,-74.81321108368704
32.7174202,-117.1627728,33.63779875,-84.42927118585675
32.7174202,-117.1627728,39.19764875,-76.68258351960611
32.7174202,-117.1627728,31.8092748,-106.36664263248113
32.7174202,-117.1627728,40.68906405,-74.17725485035348
32.7174202,-117.1627728,33.94216754999999,-118.42139298414197
32.7174202,-117.1627728,44.878019050000006,-93.2209280537696
32.7174202,-117.1627728,39.875018,-75.23521278969667
32.7174202,-117.1627728,32.11237945,-110.93938747808727
29.5334021,-98.46921443046924,32.84524055,-96.84732187569065
29.5334021,-98.46921443046924,32.89651945,-97.0465220537124
29.5334021,-98.46921443046924,38.8950368,-77.0365427
32.12423765,-81.19770644774445,42.205699100000004,-83.35297537621658
32.12423765,-81.19770644774445,40.7757145,-73.87336398511545
34.4221319,-119.702667,47.4475673,-122.3080158569515
41.708347950000004,-86.32303457180205,39.8606676,-104.68536732610298
35.237491399999996,-120.64331992943252,33.94216754999999,-118.42139298414197
70.19515995,-148.46482215877188,61.18103525,-149.99789189730433
38.1716962,-85.73540756381095,32.89651945,-97.0465220537124
38.1716962,-85.73540756381095,39.875018,-75.23521278969667
38.1716962,-85.73540756381095,27.9791649,-82.5349276153517
47.4475673,-122.3080158569515,33.63779875,-84.42927118585675
47.4475673,-122.3080158569515,39.8606676,-104.68536732610298
47.4475673,-122.3080158569515,26.072017000000002,-80.15099673135214
47.4475673,-122.3080158569515,33.815565899999996,-118.15342922166721
47.4475673,-122.3080158569515,39.3023103,-94.72118991743454
47.4475673,-122.3080158569515,41.97795725,-87.90920910980722
47.4475673,-122.3080158569515,33.43289075,-112.00942230268426
37.622451999999996,-122.38398938548363,35.037669449999996,-106.61096752176844
37.622451999999996,-122.38398938548363,42.3554334,-71.060511
37.622451999999996,-122.38398938548363,39.19764875,-76.68258351960611
37.622451999999996,-122.38398938548363,38.8950368,-77.0365427
37.622451999999996,-122.38398938548363,19.743906,-156.0422959812206
37.622451999999996,-122.38398938548363,33.815565899999996,-118.15342922166721
37.622451999999996,-122.38398938548363,37.6432525,-118.9668509
37.622451999999996,-122.38398938548363,20.89569785,-156.43404764122727
37.622451999999996,-122.38398938548363,44.2165084,-121.2150324
37.622451999999996,-122.38398938548363,40.790066100000004,-111.97989846185591
38.1495947,-79.072557,28.412903550000003,-81.30944309752753
32.4451121,-93.82673715989384,32.89651945,-97.0465220537124
32.4451121,-93.82673715989384,29.9841416,-95.33298595614491
37.3633278,-121.92933857603218,32.89651945,-97.0465220537124
37.3633278,-121.92933857603218,21.32040435,-157.9173135198164
37.3633278,-121.92933857603218,29.9841416,-95.33298595614491
18.465299,-66.116666,32.89651945,-97.0465220537124
18.465299,-66.116666,25.7949789,-80.28672341095405
18.465299,-66.116666,26.715364,-80.0532942
18.465299,-66.116666,17.7439481,-64.7079823
40.790066100000004,-111.97989846185591,45.809234849999996,-108.54767517885944
40.790066100000004,-111.97989846185591,42.3554334,-71.060511
40.790066100000004,-111.97989846185591,39.19764875,-76.68258351960611
40.790066100000004,-111.97989846185591,38.8004299,-104.70327708699932
40.790066100000004,-111.97989846185591,38.8950368,-77.0365427
40.790066100000004,-111.97989846185591,41.1958128,-115.3272864
40.790066100000004,-111.97989846185591,47.620044050000004,-117.54236665513882
40.790066100000004,-111.97989846185591,21.32040435,-157.9173135198164
40.790066100000004,-111.97989846185591,33.94216754999999,-118.42139298414197
40.790066100000004,-111.97989846185591,34.05414245,-117.59915769373036
38.687223450000005,-121.5903702806319,44.878019050000006,-93.2209280537696
38.687223450000005,-121.5903702806319,39.875018,-75.23521278969667
38.687223450000005,-121.5903702806319,37.622451999999996,-122.38398938548363
33.67420559999999,-117.86801480770461,29.7589382,-95.3676974
33.67420559999999,-117.86801480770461,40.790066100000004,-111.97989846185591
27.395988350000003,-82.55407423064528,41.97795725,-87.90920910980722
38.74962725,-90.37047024952082,29.9841416,-95.33298595614491
38.74962725,-90.37047024952082,41.2587459,-95.9383758
43.1141752,-76.11914451143608,40.642947899999996,-73.7793733748521
43.1141752,-76.11914451143608,44.878019050000006,-93.2209280537696
27.9791649,-82.5349276153517,42.9607553,-83.74563177999201
27.9791649,-82.5349276153517,29.7589382,-95.3676974
27.9791649,-82.5349276153517,40.78964545,-73.09731499551691
27.9791649,-82.5349276153517,42.9461717,-87.9138891
27.9791649,-82.5349276153517,35.880361449999995,-78.78723821716514
27.9791649,-82.5349276153517,40.276411949999996,-74.81321108368704
40.276411949999996,-74.81321108368704,33.63779875,-84.42927118585675
40.276411949999996,-74.81321108368704,39.99705605,-82.89304061484347
36.19914,-95.8867383912098,41.7854316,-87.75084869357148
36.19914,-95.8867383912098,40.790066100000004,-111.97989846185591
32.11237945,-110.93938747808727,29.9841416,-95.33298595614491
32.11237945,-110.93938747808727,37.622451999999996,-122.38398938548363
35.9603948,-83.9210261,42.205699100000004,-83.35297537621658
30.5085309,-86.5027282,32.89651945,-97.0465220537124
56.4839528,-132.36889739256793,55.353764749999996,-131.7083563288072
36.0625843,-94.1574328,33.63779875,-84.42927118585675
59.500813550000004,-139.64408083356284,60.49175165,-145.4738853571373
32.64851395,-114.60772586873736,33.94216754999999,-118.42139298414197
35.037669449999996,-106.61096752176844,36.0861034,-115.16111989849915
35.037669449999996,-106.61096752176844,32.7174202,-117.1627728
35.037669449999996,-106.61096752176844,32.11237945,-110.93938747808727
42.748015949999996,-73.79855563763934,41.406618550000005,-81.85120214358412
42.748015949999996,-73.79855563763934,39.875018,-75.23521278969667
61.18103525,-149.99789189730433,57.7535941,-152.5136697
61.18103525,-149.99789189730433,41.97795725,-87.90920910980722
39.2208967,-106.86697301509874,44.878019050000006,-93.2209280537696
33.63779875,-84.42927118585675,41.33709205,-75.72257122928625
33.63779875,-84.42927118585675,33.563500000000005,-86.75151249023227
33.63779875,-84.42927118585675,33.93886305,-81.1139715103596
33.63779875,-84.42927118585675,41.406618550000005,-81.85120214358412
33.63779875,-84.42927118585675,32.84524055,-96.84732187569065
33.63779875,-84.42927118585675,38.8950368,-77.0365427
33.63779875,-84.42927118585675,40.68906405,-74.17725485035348
33.63779875,-84.42927118585675,48.202158,-114.315321
33.63779875,-84.42927118585675,26.072017000000002,-80.15099673135214
33.63779875,-84.42927118585675,40.9798288,-85.18791163159256
33.63779875,-84.42927118585675,29.7589382,-95.3676974
33.63779875,-84.42927118585675,32.3629733,-90.8403955
33.63779875,-84.42927118585675,33.94216754999999,-118.42139298414197
33.63779875,-84.42927118585675,38.03480425,-84.60492174770525
33.63779875,-84.42927118585675,42.9461717,-87.9138891
33.63779875,-84.42927118585675,29.9759983,-90.0782127
33.63779875,-84.42927118585675,33.680640600000004,-78.92905970872894
33.63779875,-84.42927118585675,37.32442625,-79.97679739235411
33.63779875,-84.42927118585675,38.1716962,-85.73540756381095
33.63779875,-84.42927118585675,32.4451121,-93.82673715989384
33.63779875,-84.42927118585675,37.3633278,-121.92933857603218
33.63779875,-84.42927118585675,38.687223450000005,-121.5903702806319
33.63779875,-84.42927118585675,18.33476905,-64.9724536459818
33.63779875,-84.42927118585675,27.9791649,-82.5349276153517
33.63779875,-84.42927118585675,30.5085309,-86.5027282
33.63779875,-84.42927118585675,36.0625843,-94.1574328
44.25659495,-88.52169598755702,41.97795725,-87.90920910980722
30.19348925,-97.66500963529677,44.878019050000006,-93.2209280537696
30.19348925,-97.66500963529677,45.58902115,-122.5935717503766
30.19348925,-97.66500963529677,32.7174202,-117.1627728
35.4364233,-82.54088095049624,42.205699100000004,-83.35297537621658
41.33709205,-75.72257122928625,41.97795725,-87.90920910980722
42.2307865,-85.5510419237961,44.878019050000006,-93.2209280537696
41.764582,-72.6908547,39.19764875,-76.68258351960611
41.764582,-72.6908547,38.8950368,-77.0365427
41.764582,-72.6908547,33.94216754999999,-118.42139298414197
41.764582,-72.6908547,27.9791649,-82.5349276153517
60.7789171,-161.83811516174447,61.18103525,-149.99789189730433
35.3738712,-119.0194639,29.9841416,-95.33298595614491
35.3738712,-119.0194639,33.94216754999999,-118.42139298414197
45.809234849999996,-108.54767517885944,44.878019050000006,-93.2209280537696
36.527800049999996,-93.19781657947979,29.7589382,-95.3676974
36.11958985,-86.68308703291842,39.8606676,-104.68536732610298
36.11958985,-86.68308703291842,42.205699100000004,-83.35297537621658
36.11958985,-86.68308703291842,39.3023103,-94.72118991743454
43.55988165,-116.20782253098173,33.94216754999999,-118.42139298414197
42.3554334,-71.060511,41.255823899999996,-70.05803775405849
42.3554334,-71.060511,30.49375,-81.69303816083792
42.3554334,-71.060511,29.9759983,-90.0782127
42.3554334,-71.060511,41.97795725,-87.90920910980722
42.3554334,-71.060511,27.9791649,-82.5349276153517
31.259811,-81.4639706620112,33.63779875,-84.42927118585675
71.28620995,-156.77500248341514,61.18103525,-149.99789189730433
42.9402016,-78.73075229745353,41.406618550000005,-81.85120214358412
42.9402016,-78.73075229745353,40.642947899999996,-73.7793733748521
34.19629105,-118.35441727681797,47.4475673,-122.3080158569515
39.19764875,-76.68258351960611,42.3554334,-71.060511
39.19764875,-76.68258351960611,34.7311092,-92.22457817801748
39.19764875,-76.68258351960611,29.9759983,-90.0782127
39.19764875,-76.68258351960611,39.875018,-75.23521278969667
45.78359005,-111.15697962783483,40.68906405,-74.17725485035348
45.78359005,-111.15697962783483,41.97795725,-87.90920910980722
33.93886305,-81.1139715103596,40.7757145,-73.87336398511545
40.9152061,-81.43992419328089,39.8606676,-104.68536732610298
40.9152061,-81.43992419328089,42.205699100000004,-83.35297537621658
40.9152061,-81.43992419328089,28.412903550000003,-81.30944309752753
41.8528065,-124.14986198309553,40.9763645,-124.10842589937442
38.029306,-78.4766781,40.7757145,-73.87336398511545
32.89929845,-80.03946503050427,36.11958985,-86.68308703291842
32.89929845,-80.03946503050427,42.205699100000004,-83.35297537621658
32.89929845,-80.03946503050427,29.9841416,-95.33298595614491
32.89929845,-80.03946503050427,41.7854316,-87.75084869357148
41.406618550000005,-81.85120214358412,35.21074145,-80.9457435226013
41.406618550000005,-81.85120214358412,39.905318699999995,-84.22024542480268
41.406618550000005,-81.85120214358412,40.642947899999996,-73.7793733748521
41.406618550000005,-81.85120214358412,33.94216754999999,-118.42139298414197
41.406618550000005,-81.85120214358412,44.878019050000006,-93.2209280537696
41.406618550000005,-81.85120214358412,35.3848053,-97.60534425082406
41.406618550000005,-81.85120214358412,45.58902115,-122.5935717503766
41.406618550000005,-81.85120214358412,41.8239891,-71.4128343
41.406618550000005,-81.85120214358412,37.622451999999996,-122.38398938548363
35.21074145,-80.9457435226013,36.11958985,-86.68308703291842
35.21074145,-80.9457435226013,39.1014537,-84.5124602
35.21074145,-80.9457435226013,40.642947899999996,-73.7793733748521
35.21074145,-80.9457435226013,36.0861034,-115.16111989849915
35.21074145,-80.9457435226013,34.776723700000005,-77.38983364228667
35.21074145,-80.9457435226013,40.49178275,-80.23702448873742
39.99705605,-82.89304061484347,35.21074145,-80.9457435226013
39.99705605,-82.89304061484347,26.072017000000002,-80.15099673135214
39.99705605,-82.89304061484347,38.8950368,-77.0365427
39.99705605,-82.89304061484347,41.97795725,-87.90920910980722
39.99705605,-82.89304061484347,40.790066100000004,-111.97989846185591
39.99705605,-82.89304061484347,27.9791649,-82.5349276153517
40.1157948,-88.241194,32.89651945,-97.0465220537124
38.8004299,-104.70327708699932,39.8606676,-104.68536732610298
38.8004299,-104.70327708699932,32.89651945,-97.0465220537124
38.8004299,-104.70327708699932,29.9841416,-95.33298595614491
39.1014537,-84.5124602,42.3554334,-71.060511
39.1014537,-84.5124602,43.1420815,-89.33774533660622
39.1014537,-84.5124602,33.43289075,-112.00942230268426
32.84524055,-96.84732187569065,36.527800049999996,-93.19781657947979
32.84524055,-96.84732187569065,31.9370282,-102.4154247
32.84524055,-96.84732187569065,29.9759983,-90.0782127
38.8950368,-77.0365427,32.89651945,-97.0465220537124
38.8950368,-77.0365427,40.7757145,-73.87336398511545
38.8950368,-77.0365427,41.8239891,-71.4128343
38.8950368,-77.0365427,37.622451999999996,-122.38398938548363
39.8606676,-104.68536732610298,35.3738712,-119.0194639
39.8606676,-104.68536732610298,48.79368955,-122.53595690761102
39.8606676,-104.68536732610298,36.11958985,-86.68308703291842
39.8606676,-104.68536732610298,39.99705605,-82.89304061484347
39.8606676,-104.68536732610298,38.8950368,-77.0365427
39.8606676,-104.68536732610298,32.89651945,-97.0465220537124
39.8606676,-104.68536732610298,40.68906405,-74.17725485035348
39.8606676,-104.68536732610298,25.7949789,-80.28672341095405
39.8606676,-104.68536732610298,38.3996962,-107.8330195
39.8606676,-104.68536732610298,35.6177681,-106.0866685
39.8606676,-104.68536732610298,32.11237945,-110.93938747808727
32.89651945,-97.0465220537124,30.19348925,-97.66500963529677
32.89651945,-97.0465220537124,25.916283999999997,-97.41935535662694
32.89651945,-97.0465220537124,41.406618550000005,-81.85120214358412
32.89651945,-97.0465220537124,38.8004299,-104.70327708699932
32.89651945,-97.0465220537124,38.8168307,-92.2198931
32.89651945,-97.0465220537124,38.3727111,-81.7073326
32.89651945,-97.0465220537124,38.04188775,-87.5296839642167
32.89651945,-97.0465220537124,43.58273465,-96.74120311335915
32.89651945,-97.0465220537124,34.8954456,-82.21722845651891
32.89651945,-97.0465220537124,38.5323609,-106.93982729134346
32.89651945,-97.0465220537124,34.63699305,-86.76383388377238
32.89651945,-97.0465220537124,37.649253,-97.43226330309298
32.89651945,-97.0465220537124,33.94216754999999,-118.42139298414197
32.89651945,-97.0465220537124,40.7757145,-73.87336398511545
32.89651945,-97.0465220537124,27.547214750000002,-99.46147398713819
32.89651945,-97.0465220537124,39.3023103,-94.72118991743454
32.89651945,-97.0465220537124,32.5111077,-92.0384615
32.89651945,-97.0465220537124,36.8946697,-76.20229629965002
32.89651945,-97.0465220537124,40.6652029,-89.69682574521849
32.89651945,-97.0465220537124,33.83033915,-116.50964534531111
32.89651945,-97.0465220537124,44.0448069,-103.06068012445681
32.89651945,-97.0465220537124,37.622451999999996,-122.38398938548363
32.89651945,-97.0465220537124,33.45252615,-93.99025019420412
32.89651945,-97.0465220537124,35.9603948,-83.9210261
41.534549299999995,-93.65923944589736,42.205699100000004,-83.35297537621658
42.205699100000004,-83.35297537621658,33.63779875,-84.42927118585675
42.205699100000004,-83.35297537621658,41.764582,-72.6908547
42.205699100000004,-83.35297537621658,44.8072619,-68.81941486105113
42.205699100000004,-83.35297537621658,42.3554334,-71.060511
42.205699100000004,-83.35297537621658,33.93886305,-81.1139715103596
42.205699100000004,-83.35297537621658,35.032383550000006,-85.20167788785842
42.205699100000004,-83.35297537621658,44.7727172,-89.66716494412262
42.205699100000004,-83.35297537621658,39.905318699999995,-84.22024542480268
42.205699100000004,-83.35297537621658,38.8950368,-77.0365427
42.205699100000004,-83.35297537621658,46.84183845,-92.20329684929376
42.205699100000004,-83.35297537621658,40.642947899999996,-73.7793733748521
42.205699100000004,-83.35297537621658,33.94216754999999,-118.42139298414197
42.205699100000004,-83.35297537621658,46.349652,-87.3871745
42.205699100000004,-83.35297537621658,26.715364,-80.0532942
42.205699100000004,-83.35297537621658,40.6652029,-89.69682574521849
42.205699100000004,-83.35297537621658,43.6610277,-70.2548596
42.205699100000004,-83.35297537621658,40.7944504,-77.8616386
42.205699100000004,-83.35297537621658,47.4475673,-122.3080158569515
42.205699100000004,-83.35297537621658,43.1141752,-76.11914451143608
42.205699100000004,-83.35297537621658,27.9791649,-82.5349276153517
42.205699100000004,-83.35297537621658,35.9603948,-83.9210261
44.123068149999995,-123.21390830141057,40.790066100000004,-111.97989846185591
38.04188775,-87.5296839642167,42.205699100000004,-83.35297537621658
40.68906405,-74.17725485035348,42.748015949999996,-73.79855563763934
40.68906405,-74.17725485035348,42.3554334,-71.060511
40.68906405,-74.17725485035348,18.49346055,-67.13421586611547
40.68906405,-74.17725485035348,45.78359005,-111.15697962783483
40.68906405,-74.17725485035348,32.89651945,-97.0465220537124
40.68906405,-74.17725485035348,42.9632405,-85.6678639
40.68906405,-74.17725485035348,34.8954456,-82.21722845651891
40.68906405,-74.17725485035348,36.0861034,-115.16111989849915
40.68906405,-74.17725485035348,38.3996962,-107.8330195
40.68906405,-74.17725485035348,35.880361449999995,-78.78723821716514
40.68906405,-74.17725485035348,26.53294975,-81.75880562612211
40.68906405,-74.17725485035348,41.708347950000004,-86.32303457180205
40.68906405,-74.17725485035348,33.67420559999999,-117.86801480770461
36.776006,-119.71974456209355,36.0861034,-115.16111989849915
48.202158,-114.315321,40.790066100000004,-111.97989846185591
26.072017000000002,-80.15099673135214,32.89651945,-97.0465220537124
26.072017000000002,-80.15099673135214,39.7162533,-86.29508388539975
26.072017000000002,-80.15099673135214,40.49178275,-80.23702448873742
26.072017000000002,-80.15099673135214,30.39782605,-84.35908394368526
42.9607553,-83.74563177999201,33.63779875,-84.42927118585675
42.9607553,-83.74563177999201,44.878019050000006,-93.2209280537696
42.9607553,-83.74563177999201,26.53294975,-81.75880562612211
43.58273465,-96.74120311335915,44.878019050000006,-93.2209280537696
43.58273465,-96.74120311335915,41.97795725,-87.90920910980722
40.9798288,-85.18791163159256,41.97795725,-87.90920910980722
47.620044050000004,-117.54236665513882,33.43289075,-112.00942230268426
47.9518219,-97.17447065299604,44.878019050000006,-93.2209280537696
29.69230675,-82.27600055013724,38.03480425,-84.60492174770525
29.69230675,-82.27600055013724,25.7949789,-80.28672341095405
30.40711375,-89.07143302103171,32.89651945,-97.0465220537124
42.9632405,-85.6678639,28.412903550000003,-81.30944309752753
34.8954456,-82.21722845651891,41.406618550000005,-81.85120214358412
34.8954456,-82.21722845651891,40.68906405,-74.17725485035348
38.5323609,-106.93982729134346,29.9841416,-95.33298595614491
21.32040435,-157.9173135198164,38.8950368,-77.0365427
21.32040435,-157.9173135198164,33.94216754999999,-118.42139298414197
21.32040435,-157.9173135198164,20.89569785,-156.43404764122727
29.7589382,-95.3676974,33.63779875,-84.42927118585675
29.7589382,-95.3676974,30.19348925,-97.66500963529677
29.7589382,-95.3676974,38.8950368,-77.0365427
29.7589382,-95.3676974,32.7174202,-117.1627728
29.7589382,-95.3676974,29.5334021,-98.46921443046924
29.7589382,-95.3676974,27.9791649,-82.5349276153517
38.8950368,-77.0365427,42.748015949999996,-73.79855563763934
38.8950368,-77.0365427,30.19348925,-97.66500963529677
38.8950368,-77.0365427,33.93886305,-81.1139715103596
38.8950368,-77.0365427,35.21074145,-80.9457435226013
38.8950368,-77.0365427,39.905318699999995,-84.22024542480268
38.8950368,-77.0365427,34.8954456,-82.21722845651891
38.8950368,-77.0365427,41.97795725,-87.90920910980722
38.8950368,-77.0365427,40.49178275,-80.23702448873742
38.8950368,-77.0365427,43.6610277,-70.2548596
38.8950368,-77.0365427,32.7174202,-117.1627728
38.8950368,-77.0365427,27.9791649,-82.5349276153517
29.9841416,-95.33298595614491,30.19348925,-97.66500963529677
29.9841416,-95.33298595614491,35.21074145,-80.9457435226013
29.9841416,-95.33298595614491,38.8004299,-104.70327708699932
29.9841416,-95.33298595614491,38.8950368,-77.0365427
29.9841416,-95.33298595614491,37.649253,-97.43226330309298
29.9841416,-95.33298595614491,39.7162533,-86.29508388539975
29.9841416,-95.33298595614491,33.94216754999999,-118.42139298414197
29.9841416,-95.33298595614491,30.2072293,-93.2061609
29.9841416,-95.33298595614491,38.03480425,-84.60492174770525
29.9841416,-95.33298595614491,40.7757145,-73.87336398511545
29.9841416,-95.33298595614491,39.3023103,-94.72118991743454
29.9841416,-95.33298595614491,29.9759983,-90.0782127
29.9841416,-95.33298595614491,32.12423765,-81.19770644774445
29.9841416,-95.33298595614491,40.790066100000004,-111.97989846185591
29.9841416,-95.33298595614491,33.67420559999999,-117.86801480770461
29.9841416,-95.33298595614491,27.9791649,-82.5349276153517
29.9841416,-95.33298595614491,30.5085309,-86.5027282
37.649253,-97.43226330309298,39.8606676,-104.68536732610298
43.5151828,-112.06621704111444,39.8606676,-104.68536732610298
43.5151828,-112.06621704111444,40.790066100000004,-111.97989846185591
39.7162533,-86.29508388539975,35.21074145,-80.9457435226013
39.7162533,-86.29508388539975,33.94216754999999,-118.42139298414197
39.7162533,-86.29508388539975,41.97795725,-87.90920910980722
39.7162533,-86.29508388539975,39.875018,-75.23521278969667
48.5661049,-93.40407638044815,46.3580221,-94.2008288
48.5661049,-93.40407638044815,44.878019050000006,-93.2209280537696
43.6087926,-110.73803248494762,33.94216754999999,-118.42139298414197
30.49375,-81.69303816083792,33.563500000000005,-86.75151249023227
30.49375,-81.69303816083792,42.3554334,-71.060511
30.49375,-81.69303816083792,35.21074145,-80.9457435226013
30.49375,-81.69303816083792,29.9841416,-95.33298595614491
30.49375,-81.69303816083792,40.642947899999996,-73.7793733748521
40.642947899999996,-73.7793733748521,42.3554334,-71.060511
40.642947899999996,-73.7793733748521,18.49346055,-67.13421586611547
40.642947899999996,-73.7793733748521,41.406618550000005,-81.85120214358412
40.642947899999996,-73.7793733748521,36.0861034,-115.16111989849915
40.642947899999996,-73.7793733748521,33.94216754999999,-118.42139298414197
40.642947899999996,-73.7793733748521,35.04625645,-89.97689466513185
40.642947899999996,-73.7793733748521,41.392021299999996,-70.62074839455545
40.642947899999996,-73.7793733748521,37.7120907,-122.21450262406256
40.642947899999996,-73.7793733748521,29.5334021,-98.46921443046924
40.642947899999996,-73.7793733748521,47.4475673,-122.3080158569515
37.15928825,-94.50090287254326,32.89651945,-97.0465220537124
58.3566191,-134.58019300175383,55.353764749999996,-131.7083563288072
19.743906,-156.0422959812206,20.89569785,-156.43404764122727
19.743906,-156.0422959812206,47.4475673,-122.3080158569515
42.7337712,-84.5553805,44.878019050000006,-93.2209280537696
36.0861034,-115.16111989849915,48.79368955,-122.53595690761102
36.0861034,-115.16111989849915,34.19629105,-118.35441727681797
36.0861034,-115.16111989849915,29.9841416,-95.33298595614491
36.0861034,-115.16111989849915,33.94216754999999,-118.42139298414197
36.0861034,-115.16111989849915,33.66525745,-101.82668866739934
36.0861034,-115.16111989849915,33.83033915,-116.50964534531111
36.0861034,-115.16111989849915,37.622451999999996,-122.38398938548363
36.0861034,-115.16111989849915,37.3633278,-121.92933857603218
36.0861034,-115.16111989849915,38.687223450000005,-121.5903702806319
36.0861034,-115.16111989849915,33.67420559999999,-117.86801480770461
33.94216754999999,-118.42139298414197,33.63779875,-84.42927118585675
33.94216754999999,-118.42139298414197,42.3554334,-71.060511
33.94216754999999,-118.42139298414197,39.1014537,-84.5124602
33.94216754999999,-118.42139298414197,38.8950368,-77.0365427
33.94216754999999,-118.42139298414197,19.718830599999997,-155.04755391447696
33.94216754999999,-118.42139298414197,35.65830415,-117.8302215121642
33.94216754999999,-118.42139298414197,44.2165084,-121.2150324
33.94216754999999,-118.42139298414197,35.6177681,-106.0866685
33.94216754999999,-118.42139298414197,40.790066100000004,-111.97989846185591
33.66525745,-101.82668866739934,32.89651945,-97.0465220537124
33.66525745,-101.82668866739934,29.7589382,-95.3676974
40.7757145,-73.87336398511545,35.4364233,-82.54088095049624
40.7757145,-73.87336398511545,39.19764875,-76.68258351960611
40.7757145,-73.87336398511545,40.9152061,-81.43992419328089
40.7757145,-73.87336398511545,32.89929845,-80.03946503050427
40.7757145,-73.87336398511545,39.3023103,-94.72118991743454
40.7757145,-73.87336398511545,42.93066555,-71.43882646608829
40.7757145,-73.87336398511545,25.7949789,-80.28672341095405
40.7757145,-73.87336398511545,41.97795725,-87.90920910980722
40.7757145,-73.87336398511545,41.708347950000004,-86.32303457180205
33.815565899999996,-118.15342922166721,45.58902115,-122.5935717503766
21.97206585,-159.33671538390365,37.622451999999996,-122.38398938548363
46.37573125,-117.01550302887455,40.790066100000004,-111.97989846185591
39.3023103,-94.72118991743454,33.63779875,-84.42927118585675
39.3023103,-94.72118991743454,32.89651945,-97.0465220537124
39.3023103,-94.72118991743454,42.205699100000004,-83.35297537621658
39.3023103,-94.72118991743454,35.04625645,-89.97689466513185
39.3023103,-94.72118991743454,35.3848053,-97.60534425082406
28.412903550000003,-81.30944309752753,25.7949789,-80.28672341095405
28.412903550000003,-81.30944309752753,38.1716962,-85.73540756381095
28.412903550000003,-81.30944309752753,47.4475673,-122.3080158569515
40.193209800000005,-76.75294587287746,35.21074145,-80.9457435226013
41.7854316,-87.75084869357148,35.037669449999996,-106.61096752176844
41.7854316,-87.75084869357148,41.764582,-72.6908547
41.7854316,-87.75084869357148,41.534549299999995,-93.65923944589736
41.7854316,-87.75084869357148,39.6796715,-75.60763354194484
41.7854316,-87.75084869357148,40.7757145,-73.87336398511545
41.7854316,-87.75084869357148,34.05414245,-117.59915769373036
41.7854316,-87.75084869357148,26.715364,-80.0532942
41.7854316,-87.75084869357148,39.875018,-75.23521278969667
41.7854316,-87.75084869357148,33.43289075,-112.00942230268426
41.7854316,-87.75084869357148,38.1716962,-85.73540756381095
41.7854316,-87.75084869357148,38.687223450000005,-121.5903702806319
41.7854316,-87.75084869357148,36.19914,-95.8867383912098
35.04625645,-89.97689466513185,36.11958985,-86.68308703291842
35.04625645,-89.97689466513185,32.89651945,-97.0465220537124
35.04625645,-89.97689466513185,41.534549299999995,-93.65923944589736
35.04625645,-89.97689466513185,42.205699100000004,-83.35297537621658
35.04625645,-89.97689466513185,30.49375,-81.69303816083792
35.04625645,-89.97689466513185,36.0861034,-115.16111989849915
35.04625645,-89.97689466513185,32.4451121,-93.82673715989384
39.1713656,-96.59393685497088,32.89651945,-97.0465220537124
42.93066555,-71.43882646608829,38.8950368,-77.0365427
25.7949789,-80.28672341095405,38.8950368,-77.0365427
25.7949789,-80.28672341095405,29.9759983,-90.0782127
25.7949789,-80.28672341095405,33.43289075,-112.00942230268426
42.9461717,-87.9138891,39.1014537,-84.5124602
42.9461717,-87.9138891,32.89651945,-97.0465220537124
42.9461717,-87.9138891,40.642947899999996,-73.7793733748521
42.9461717,-87.9138891,47.4475673,-122.3080158569515
41.44772135,-90.51146650735623,32.89651945,-97.0465220537124
30.69214065,-88.24115749066226,29.9841416,-95.33298595614491
30.69214065,-88.24115749066226,41.97795725,-87.90920910980722
43.1420815,-89.33774533660622,41.406618550000005,-81.85120214358412
43.1420815,-89.33774533660622,39.1014537,-84.5124602
43.1420815,-89.33774533660622,39.8606676,-104.68536732610298
46.91686665,-114.08780053891442,39.8606676,-104.68536732610298
44.878019050000006,-93.2209280537696,30.19348925,-97.66500963529677
44.878019050000006,-93.2209280537696,33.563500000000005,-86.75151249023227
44.878019050000006,-93.2209280537696,45.809234849999996,-108.54767517885944
44.878019050000006,-93.2209280537696,36.11958985,-86.68308703291842
44.878019050000006,-93.2209280537696,38.8950368,-77.0365427
44.878019050000006,-93.2209280537696,43.58273465,-96.74120311335915
44.878019050000006,-93.2209280537696,47.38500865,-92.83874877590284
44.878019050000006,-93.2209280537696,46.6063969,-111.98274447010309
44.878019050000006,-93.2209280537696,33.94216754999999,-118.42139298414197
44.878019050000006,-93.2209280537696,38.03480425,-84.60492174770525
44.878019050000006,-93.2209280537696,43.1161699,-77.67269338979611
44.878019050000006,-93.2209280537696,32.7174202,-117.1627728
44.878019050000006,-93.2209280537696,41.708347950000004,-86.32303457180205
44.878019050000006,-93.2209280537696,38.1716962,-85.73540756381095
44.878019050000006,-93.2209280537696,38.74962725,-90.37047024952082
44.878019050000006,-93.2209280537696,44.7606441,-85.6165301
29.9759983,-90.0782127,35.21074145,-80.9457435226013
38.3996962,-107.8330195,33.63779875,-84.42927118585675
38.3996962,-107.8330195,32.89651945,-97.0465220537124
37.7120907,-122.21450262406256,47.620044050000004,-117.54236665513882
37.7120907,-122.21450262406256,19.743906,-156.0422959812206
37.7120907,-122.21450262406256,21.97206585,-159.33671538390365
37.7120907,-122.21450262406256,41.7854316,-87.75084869357148
37.7120907,-122.21450262406256,47.4475673,-122.3080158569515
20.89569785,-156.43404764122727,61.18103525,-149.99789189730433
20.89569785,-156.43404764122727,48.79368955,-122.53595690761102
20.89569785,-156.43404764122727,21.97206585,-159.33671538390365
20.89569785,-156.43404764122727,45.58902115,-122.5935717503766
20.89569785,-156.43404764122727,37.622451999999996,-122.38398938548363
35.3848053,-97.60534425082406,41.406618550000005,-81.85120214358412
35.3848053,-97.60534425082406,42.205699100000004,-83.35297537621658
35.3848053,-97.60534425082406,29.9841416,-95.33298595614491
35.3848053,-97.60534425082406,39.3023103,-94.72118991743454
35.3848053,-97.60534425082406,41.97795725,-87.90920910980722
41.2587459,-95.9383758,39.1014537,-84.5124602
41.2587459,-95.9383758,35.04625645,-89.97689466513185
41.2587459,-95.9383758,38.74962725,-90.37047024952082
34.05414245,-117.59915769373036,37.622451999999996,-122.38398938548363
41.97795725,-87.90920910980722,35.037669449999996,-106.61096752176844
41.97795725,-87.90920910980722,39.905318699999995,-84.22024542480268
41.97795725,-87.90920910980722,42.401292299999994,-90.70595539381172
41.97795725,-87.90920910980722,39.6425635,-106.917134720113
41.97795725,-87.90920910980722,38.04188775,-87.5296839642167
41.97795725,-87.90920910980722,21.32040435,-157.9173135198164
41.97795725,-87.90920910980722,29.9841416,-95.33298595614491
41.97795725,-87.90920910980722,43.1703365,-86.2370531
41.97795725,-87.90920910980722,41.2587459,-95.9383758
41.97795725,-87.90920910980722,33.43289075,-112.00942230268426
41.97795725,-87.90920910980722,40.49178275,-80.23702448873742
41.97795725,-87.90920910980722,33.83033915,-116.50964534531111
41.97795725,-87.90920910980722,37.622451999999996,-122.38398938548363
41.97795725,-87.90920910980722,39.843686149999996,-89.67956594615978
41.97795725,-87.90920910980722,42.4036084,-96.3836488
41.97795725,-87.90920910980722,27.9791649,-82.5349276153517
41.97795725,-87.90920910980722,44.7606441,-85.6165301
36.8946697,-76.20229629965002,29.9841416,-95.33298595614491
42.2686095,-71.87306398339443,28.412903550000003,-81.30944309752753
26.715364,-80.0532942,41.764582,-72.6908547
26.715364,-80.0532942,42.3554334,-71.060511
26.715364,-80.0532942,41.406618550000005,-81.85120214358412
45.58902115,-122.5935717503766,30.19348925,-97.66500963529677
45.58902115,-122.5935717503766,35.21074145,-80.9457435226013
45.58902115,-122.5935717503766,32.89651945,-97.0465220537124
45.58902115,-122.5935717503766,36.0861034,-115.16111989849915
45.58902115,-122.5935717503766,44.878019050000006,-93.2209280537696
45.58902115,-122.5935717503766,20.89569785,-156.43404764122727
39.875018,-75.23521278969667,44.472896500000004,-73.15146310750751
39.875018,-75.23521278969667,32.89651945,-97.0465220537124
39.875018,-75.23521278969667,26.072017000000002,-80.15099673135214
39.875018,-75.23521278969667,45.58902115,-122.5935717503766
39.875018,-75.23521278969667,33.43289075,-112.00942230268426
39.875018,-75.23521278969667,40.49178275,-80.23702448873742
39.875018,-75.23521278969667,41.8239891,-71.4128343
39.875018,-75.23521278969667,35.880361449999995,-78.78723821716514
39.875018,-75.23521278969667,47.4475673,-122.3080158569515
33.43289075,-112.00942230268426,41.406618550000005,-81.85120214358412
33.43289075,-112.00942230268426,38.8950368,-77.0365427
33.43289075,-112.00942230268426,39.8606676,-104.68536732610298
33.43289075,-112.00942230268426,41.534549299999995,-93.65923944589736
33.43289075,-112.00942230268426,47.620044050000004,-117.54236665513882
33.43289075,-112.00942230268426,40.642947899999996,-73.7793733748521
33.43289075,-112.00942230268426,33.94216754999999,-118.42139298414197
33.43289075,-112.00942230268426,25.7949789,-80.28672341095405
33.43289075,-112.00942230268426,37.7120907,-122.21450262406256
33.43289075,-112.00942230268426,35.237491399999996,-120.64331992943252
40.6652029,-89.69682574521849,33.63779875,-84.42927118585675
42.9074805,-112.5928392860736,40.790066100000004,-111.97989846185591
40.49178275,-80.23702448873742,41.406618550000005,-81.85120214358412
40.49178275,-80.23702448873742,35.21074145,-80.9457435226013
40.49178275,-80.23702448873742,39.8606676,-104.68536732610298
40.49178275,-80.23702448873742,26.072017000000002,-80.15099673135214
40.49178275,-80.23702448873742,38.8950368,-77.0365427
40.49178275,-80.23702448873742,33.94216754999999,-118.42139298414197
40.49178275,-80.23702448873742,35.04625645,-89.97689466513185
40.49178275,-80.23702448873742,26.715364,-80.0532942
40.49178275,-80.23702448873742,39.875018,-75.23521278969667
40.49178275,-80.23702448873742,26.53294975,-81.75880562612211
40.49178275,-80.23702448873742,27.9791649,-82.5349276153517
45.56926645,-84.79695030499335,42.205699100000004,-83.35297537621658
30.4725975,-87.18808592919096,29.7589382,-95.3676974
30.4725975,-87.18808592919096,29.9841416,-95.33298595614491
-14.2754786,-170.7048298,21.32040435,-157.9173135198164
33.83033915,-116.50964534531111,39.8606676,-104.68536732610298
33.83033915,-116.50964534531111,36.0861034,-115.16111989849915
41.8239891,-71.4128343,38.8950368,-77.0365427
41.8239891,-71.4128343,44.878019050000006,-93.2209280537696
43.6610277,-70.2548596,40.642947899999996,-73.7793733748521
44.0448069,-103.06068012445681,32.89651945,-97.0465220537124
40.51108035,-122.29610904753642,40.9763645,-124.10842589937442
40.51108035,-122.29610904753642,37.622451999999996,-122.38398938548363
44.2165084,-121.2150324,42.3727441,-122.87343834417277
44.2165084,-121.2150324,37.622451999999996,-122.38398938548363
35.880361449999995,-78.78723821716514,39.7162533,-86.29508388539975
35.880361449999995,-78.78723821716514,28.412903550000003,-81.30944309752753
42.1966203,-89.10185948684004,39.8606676,-104.68536732610298
37.5073698,-77.3336845,35.21074145,-80.9457435226013
37.5073698,-77.3336845,40.642947899999996,-73.7793733748521
39.498646199999996,-119.77333186086474,32.7174202,-117.1627728
39.498646199999996,-119.77333186086474,40.790066100000004,-111.97989846185591
37.32442625,-79.97679739235411,40.7757145,-73.87336398511545
37.32442625,-79.97679739235411,41.97795725,-87.90920910980722
43.1161699,-77.67269338979611,33.63779875,-84.42927118585675
43.1161699,-77.67269338979611,35.21074145,-80.9457435226013
44.0234387,-92.4630182,41.97795725,-87.90920910980722
26.53294975,-81.75880562612211,41.764582,-72.6908547
26.53294975,-81.75880562612211,36.11958985,-86.68308703291842
26.53294975,-81.75880562612211,42.205699100000004,-83.35297537621658
26.53294975,-81.75880562612211,42.9632405,-85.6678639
26.53294975,-81.75880562612211,39.6796715,-75.60763354194484
32.7174202,-117.1627728,43.55988165,-116.20782253098173
32.7174202,-117.1627728,41.406618550000005,-81.85120214358412
32.7174202,-117.1627728,39.1014537,-84.5124602
32.7174202,-117.1627728,39.8606676,-104.68536732610298
32.7174202,-117.1627728,47.4475673,-122.3080158569515
29.5334021,-98.46921443046924,35.04625645,-89.97689466513185
32.12423765,-81.19770644774445,35.21074145,-80.9457435226013
34.4221319,-119.702667,45.58902115,-122.5935717503766
38.1716962,-85.73540756381095,39.19764875,-76.68258351960611
38.1716962,-85.73540756381095,29.9841416,-95.33298595614491
38.1716962,-85.73540756381095,28.412903550000003,-81.30944309752753
47.4475673,-122.3080158569515,30.19348925,-97.66500963529677
47.4475673,-122.3080158569515,42.3554334,-71.060511
47.4475673,-122.3080158569515,36.776006,-119.71974456209355
47.4475673,-122.3080158569515,58.3566191,-134.58019300175383
47.4475673,-122.3080158569515,41.7854316,-87.75084869357148
47.4475673,-122.3080158569515,42.9461717,-87.9138891
47.4475673,-122.3080158569515,20.89569785,-156.43404764122727
47.4475673,-122.3080158569515,41.2587459,-95.9383758
47.4475673,-122.3080158569515,32.7174202,-117.1627728
37.622451999999996,-122.38398938548363,38.8004299,-104.70327708699932
37.622451999999996,-122.38398938548363,36.776006,-119.71974456209355
37.622451999999996,-122.38398938548363,21.32040435,-157.9173135198164
37.622451999999996,-122.38398938548363,43.6087926,-110.73803248494762
37.622451999999996,-122.38398938548363,40.642947899999996,-73.7793733748521
37.622451999999996,-122.38398938548363,35.3848053,-97.60534425082406
37.622451999999996,-122.38398938548363,45.58902115,-122.5935717503766
37.622451999999996,-122.38398938548363,35.880361449999995,-78.78723821716514
37.622451999999996,-122.38398938548363,33.67420559999999,-117.86801480770461
37.24298375,-93.3889140611615,39.8606676,-104.68536732610298
37.24298375,-93.3889140611615,32.89651945,-97.0465220537124
37.0342442,-113.50901654550276,40.790066100000004,-111.97989846185591
37.3633278,-121.92933857603218,34.19629105,-118.35441727681797
37.3633278,-121.92933857603218,33.94216754999999,-118.42139298414197
37.3633278,-121.92933857603218,40.790066100000004,-111.97989846185591
18.465299,-66.116666,38.8950368,-77.0365427
18.465299,-66.116666,44.878019050000006,-93.2209280537696
18.465299,-66.116666,39.875018,-75.23521278969667
40.790066100000004,-111.97989846185591,37.7003,-113.0986
40.790066100000004,-111.97989846185591,32.89651945,-97.0465220537124
40.790066100000004,-111.97989846185591,43.6087926,-110.73803248494762
40.790066100000004,-111.97989846185591,46.91686665,-114.08780053891442
40.790066100000004,-111.97989846185591,42.9074805,-112.5928392860736
40.790066100000004,-111.97989846185591,32.7174202,-117.1627728
40.790066100000004,-111.97989846185591,47.4475673,-122.3080158569515
38.687223450000005,-121.5903702806319,38.8950368,-77.0365427
38.687223450000005,-121.5903702806319,29.9841416,-95.33298595614491
38.687223450000005,-121.5903702806319,40.642947899999996,-73.7793733748521
33.67420559999999,-117.86801480770461,32.89651945,-97.0465220537124
33.67420559999999,-117.86801480770461,40.68906405,-74.17725485035348
27.395988350000003,-82.55407423064528,33.63779875,-84.42927118585675
27.395988350000003,-82.55407423064528,40.642947899999996,-73.7793733748521
27.395988350000003,-82.55407423064528,40.7757145,-73.87336398511545
38.74962725,-90.37047024952082,42.3554334,-71.060511
38.74962725,-90.37047024952082,32.84524055,-96.84732187569065
38.74962725,-90.37047024952082,39.875018,-75.23521278969667
38.74962725,-90.37047024952082,26.53294975,-81.75880562612211
38.74962725,-90.37047024952082,40.790066100000004,-111.97989846185591
18.33476905,-64.9724536459818,38.8950368,-77.0365427
17.7439481,-64.7079823,25.7949789,-80.28672341095405
17.7439481,-64.7079823,18.465299,-66.116666
43.1141752,-76.11914451143608,28.412903550000003,-81.30944309752753
30.39782605,-84.35908394368526,32.89651945,-97.0465220537124
30.39782605,-84.35908394368526,26.072017000000002,-80.15099673135214
27.9791649,-82.5349276153517,42.205699100000004,-83.35297537621658
27.9791649,-82.5349276153517,40.68906405,-74.17725485035348
27.9791649,-82.5349276153517,41.0680174,-73.70833333823488
27.9791649,-82.5349276153517,36.0861034,-115.16111989849915
27.9791649,-82.5349276153517,44.878019050000006,-93.2209280537696
40.276411949999996,-74.81321108368704,28.412903550000003,-81.30944309752753
40.276411949999996,-74.81321108368704,26.53294975,-81.75880562612211
36.19914,-95.8867383912098,36.11958985,-86.68308703291842
36.19914,-95.8867383912098,38.74962725,-90.37047024952082
32.11237945,-110.93938747808727,33.94216754999999,-118.42139298414197
32.351909649999996,-95.40208756061571,29.9841416,-95.33298595614491
35.9603948,-83.9210261,35.21074145,-80.9457435226013
44.6632505,-111.101169,40.790066100000004,-111.97989846185591
59.500813550000004,-139.64408083356284,58.3566191,-134.58019300175383
35.037669449999996,-106.61096752176844,31.8092748,-106.36664263248113
35.037669449999996,-106.61096752176844,41.7854316,-87.75084869357148
35.037669449999996,-106.61096752176844,33.43289075,-112.00942230268426
35.037669449999996,-106.61096752176844,37.622451999999996,-122.38398938548363
31.329273649999998,-92.54095486627727,33.63779875,-84.42927118585675
33.37230205,-81.9650639098103,40.7757145,-73.87336398511545
61.18103525,-149.99789189730433,45.58902115,-122.5935717503766
33.63779875,-84.42927118585675,36.11958985,-86.68308703291842
33.63779875,-84.42927118585675,39.19764875,-76.68258351960611
33.63779875,-84.42927118585675,38.029306,-78.4766781
33.63779875,-84.42927118585675,31.8092748,-106.36664263248113
33.63779875,-84.42927118585675,42.9607553,-83.74563177999201
33.63779875,-84.42927118585675,43.58273465,-96.74120311335915
33.63779875,-84.42927118585675,30.40711375,-89.07143302103171
33.63779875,-84.42927118585675,31.0616542,-97.8206033626794
33.63779875,-84.42927118585675,37.649253,-97.43226330309298
33.63779875,-84.42927118585675,30.203161700000003,-91.98991065628175
33.63779875,-84.42927118585675,41.7854316,-87.75084869357148
33.63779875,-84.42927118585675,32.5111077,-92.0384615
33.63779875,-84.42927118585675,34.776723700000005,-77.38983364228667
33.63779875,-84.42927118585675,34.05414245,-117.59915769373036
33.63779875,-84.42927118585675,40.6652029,-89.69682574521849
33.63779875,-84.42927118585675,43.6610277,-70.2548596
33.63779875,-84.42927118585675,32.7174202,-117.1627728
33.63779875,-84.42927118585675,41.708347950000004,-86.32303457180205
44.25659495,-88.52169598755702,33.63779875,-84.42927118585675
30.19348925,-97.66500963529677,32.84524055,-96.84732187569065
30.19348925,-97.66500963529677,29.9841416,-95.33298595614491
30.19348925,-97.66500963529677,33.94216754999999,-118.42139298414197
30.19348925,-97.66500963529677,35.04625645,-89.97689466513185
41.764582,-72.6908547,28.412903550000003,-81.30944309752753
35.3738712,-119.0194639,37.622451999999996,-122.38398938548363
42.2106484,-75.9815509339948,42.205699100000004,-83.35297537621658
33.563500000000005,-86.75151249023227,39.19764875,-76.68258351960611
33.563500000000005,-86.75151249023227,29.9841416,-95.33298595614491
33.563500000000005,-86.75151249023227,41.97795725,-87.90920910980722
36.527800049999996,-93.19781657947979,32.84524055,-96.84732187569065
36.527800049999996,-93.19781657947979,39.8606676,-104.68536732610298
48.79368955,-122.53595690761102,21.32040435,-157.9173135198164
36.11958985,-86.68308703291842,44.472896500000004,-73.15146310750751
36.11958985,-86.68308703291842,32.89929845,-80.03946503050427
36.11958985,-86.68308703291842,41.97795725,-87.90920910980722
36.11958985,-86.68308703291842,33.43289075,-112.00942230268426
36.11958985,-86.68308703291842,38.74962725,-90.37047024952082
43.55988165,-116.20782253098173,39.8606676,-104.68536732610298
42.3554334,-71.060511,30.19348925,-97.66500963529677
42.3554334,-71.060511,36.11958985,-86.68308703291842
42.3554334,-71.060511,41.406618550000005,-81.85120214358412
42.3554334,-71.060511,41.7854316,-87.75084869357148
42.3554334,-71.060511,36.8946697,-76.20229629965002
42.3554334,-71.060511,45.58902115,-122.5935717503766
42.3554334,-71.060511,18.465299,-66.116666
44.472896500000004,-73.15146310750751,33.63779875,-84.42927118585675
44.472896500000004,-73.15146310750751,42.205699100000004,-83.35297537621658
42.9402016,-78.73075229745353,33.63779875,-84.42927118585675
42.9402016,-78.73075229745353,42.205699100000004,-83.35297537621658
42.9402016,-78.73075229745353,40.68906405,-74.17725485035348
34.19629105,-118.35441727681797,39.8606676,-104.68536732610298
39.19764875,-76.68258351960611,30.35993085,-85.80404564346239
39.19764875,-76.68258351960611,34.8954456,-82.21722845651891
39.19764875,-76.68258351960611,33.94216754999999,-118.42139298414197
45.78359005,-111.15697962783483,44.878019050000006,-93.2209280537696
45.78359005,-111.15697962783483,37.622451999999996,-122.38398938548363
40.9152061,-81.43992419328089,41.97795725,-87.90920910980722
41.8528065,-124.14986198309553,37.622451999999996,-122.38398938548363
35.032383550000006,-85.20167788785842,32.89651945,-97.0465220537124
32.89929845,-80.03946503050427,32.89651945,-97.0465220537124
41.406618550000005,-81.85120214358412,41.764582,-72.6908547
41.406618550000005,-81.85120214358412,38.3727111,-81.7073326
41.406618550000005,-81.85120214358412,26.072017000000002,-80.15099673135214
41.406618550000005,-81.85120214358412,42.9461717,-87.9138891
41.406618550000005,-81.85120214358412,29.9759983,-90.0782127
41.406618550000005,-81.85120214358412,26.53294975,-81.75880562612211
41.406618550000005,-81.85120214358412,38.1716962,-85.73540756381095
41.406618550000005,-81.85120214358412,27.9791649,-82.5349276153517
35.21074145,-80.9457435226013,32.89651945,-97.0465220537124
35.21074145,-80.9457435226013,41.534549299999995,-93.65923944589736
35.21074145,-80.9457435226013,34.27353635,-77.90953507173883
35.21074145,-80.9457435226013,33.94216754999999,-118.42139298414197
35.21074145,-80.9457435226013,42.9461717,-87.9138891
35.21074145,-80.9457435226013,29.9759983,-90.0782127
35.21074145,-80.9457435226013,36.8946697,-76.20229629965002
35.21074145,-80.9457435226013,35.880361449999995,-78.78723821716514
35.21074145,-80.9457435226013,32.7174202,-117.1627728
39.99705605,-82.89304061484347,41.406618550000005,-81.85120214358412
39.99705605,-82.89304061484347,40.7757145,-73.87336398511545
39.99705605,-82.89304061484347,44.878019050000006,-93.2209280537696
39.99705605,-82.89304061484347,33.43289075,-112.00942230268426
38.8004299,-104.70327708699932,38.8950368,-77.0365427
38.3727111,-81.7073326,28.412903550000003,-81.30944309752753
32.51660405,-84.94200790181375,33.63779875,-84.42927118585675
39.1014537,-84.5124602,35.21074145,-80.9457435226013
39.1014537,-84.5124602,42.9632405,-85.6678639
39.1014537,-84.5124602,29.9841416,-95.33298595614491
39.1014537,-84.5124602,39.3023103,-94.72118991743454
39.1014537,-84.5124602,42.9461717,-87.9138891
39.1014537,-84.5124602,39.875018,-75.23521278969667
39.1014537,-84.5124602,40.49178275,-80.23702448873742
39.1014537,-84.5124602,47.4475673,-122.3080158569515
32.84524055,-96.84732187569065,29.7589382,-95.3676974
38.8950368,-77.0365427,36.11958985,-86.68308703291842
38.8950368,-77.0365427,41.406618550000005,-81.85120214358412
38.8950368,-77.0365427,39.1014537,-84.5124602
38.8950368,-77.0365427,29.9841416,-95.33298595614491
38.8950368,-77.0365427,42.9461717,-87.9138891
38.8950368,-77.0365427,39.875018,-75.23521278969667
38.8950368,-77.0365427,47.4475673,-122.3080158569515
39.8606676,-104.68536732610298,42.3554334,-71.060511
39.8606676,-104.68536732610298,45.78359005,-111.15697962783483
39.8606676,-104.68536732610298,42.9054165,-106.46452637926663
39.8606676,-104.68536732610298,32.84524055,-96.84732187569065
39.8606676,-104.68536732610298,41.534549299999995,-93.65923944589736
39.8606676,-104.68536732610298,39.6425635,-106.917134720113
39.8606676,-104.68536732610298,31.8092748,-106.36664263248113
39.8606676,-104.68536732610298,46.9208925,-96.81448802996968
39.8606676,-104.68536732610298,42.9632405,-85.6678639
39.8606676,-104.68536732610298,38.5323609,-106.93982729134346
39.8606676,-104.68536732610298,29.7589382,-95.3676974
39.8606676,-104.68536732610298,38.8950368,-77.0365427
39.8606676,-104.68536732610298,40.193209800000005,-76.75294587287746
39.8606676,-104.68536732610298,42.3727441,-122.87343834417277
39.8606676,-104.68536732610298,42.93066555,-71.43882646608829
39.8606676,-104.68536732610298,29.9759983,-90.0782127
39.8606676,-104.68536732610298,35.3848053,-97.60534425082406
39.8606676,-104.68536732610298,33.43289075,-112.00942230268426
39.8606676,-104.68536732610298,42.1966203,-89.10185948684004
39.8606676,-104.68536732610298,41.708347950000004,-86.32303457180205
39.8606676,-104.68536732610298,36.19914,-95.8867383912098
39.8606676,-104.68536732610298,36.0625843,-94.1574328
32.89651945,-97.0465220537124,39.2208967,-106.86697301509874
32.89651945,-97.0465220537124,32.89929845,-80.03946503050427
32.89651945,-97.0465220537124,39.99705605,-82.89304061484347
32.89651945,-97.0465220537124,27.7702374,-97.50657535472868
32.89651945,-97.0465220537124,39.1014537,-84.5124602
32.89651945,-97.0465220537124,39.905318699999995,-84.22024542480268
32.89651945,-97.0465220537124,46.9208925,-96.81448802996968
32.89651945,-97.0465220537124,26.072017000000002,-80.15099673135214
32.89651945,-97.0465220537124,30.40711375,-89.07143302103171
32.89651945,-97.0465220537124,21.32040435,-157.9173135198164
32.89651945,-97.0465220537124,30.69214065,-88.24115749066226
32.89651945,-97.0465220537124,37.3633278,-121.92933857603218
32.89651945,-97.0465220537124,18.465299,-66.116666
32.89651945,-97.0465220537124,33.67420559999999,-117.86801480770461
32.89651945,-97.0465220537124,39.843686149999996,-89.67956594615978
46.84183845,-92.20329684929376,42.205699100000004,-83.35297537621658
37.15284235,-107.7586059173994,33.43289075,-112.00942230268426
41.534549299999995,-93.65923944589736,35.21074145,-80.9457435226013
41.534549299999995,-93.65923944589736,44.878019050000006,-93.2209280537696
41.534549299999995,-93.65923944589736,41.97795725,-87.90920910980722
42.205699100000004,-83.35297537621658,32.89651945,-97.0465220537124
42.205699100000004,-83.35297537621658,42.9607553,-83.74563177999201
42.205699100000004,-83.35297537621658,41.2587459,-95.9383758
42.205699100000004,-83.35297537621658,33.43289075,-112.00942230268426
42.205699100000004,-83.35297537621658,40.49178275,-80.23702448873742
42.205699100000004,-83.35297537621658,41.8239891,-71.4128343
42.205699100000004,-83.35297537621658,35.880361449999995,-78.78723821716514
42.205699100000004,-83.35297537621658,37.5073698,-77.3336845
42.205699100000004,-83.35297537621658,26.53294975,-81.75880562612211
30.35993085,-85.80404564346239,33.63779875,-84.42927118585675
30.35993085,-85.80404564346239,29.7589382,-95.3676974
30.35993085,-85.80404564346239,28.412903550000003,-81.30944309752753
30.35993085,-85.80404564346239,38.74962725,-90.37047024952082
39.6425635,-106.917134720113,33.94216754999999,-118.42139298414197
31.8092748,-106.36664263248113,33.94216754999999,-118.42139298414197
31.8092748,-106.36664263248113,29.5334021,-98.46921443046924
44.123068149999995,-123.21390830141057,39.8606676,-104.68536732610298
38.04188775,-87.5296839642167,32.89651945,-97.0465220537124
40.68906405,-74.17725485035348,42.9402016,-78.73075229745353
40.68906405,-74.17725485035348,39.1014537,-84.5124602
40.68906405,-74.17725485035348,39.6425635,-106.917134720113
40.68906405,-74.17725485035348,35.9824519,-79.9741745
40.68906405,-74.17725485035348,41.7854316,-87.75084869357148
40.68906405,-74.17725485035348,25.7949789,-80.28672341095405
40.68906405,-74.17725485035348,37.5073698,-77.3336845
40.68906405,-74.17725485035348,18.465299,-66.116666
40.68906405,-74.17725485035348,43.1141752,-76.11914451143608
24.5554773,-81.75961603475078,40.7757145,-73.87336398511545
64.81761,-147.86784231862563,70.19515995,-148.46482215877188
46.9208925,-96.81448802996968,40.790066100000004,-111.97989846185591
36.776006,-119.71974456209355,47.4475673,-122.3080158569515
26.072017000000002,-80.15099673135214,41.406618550000005,-81.85120214358412
26.072017000000002,-80.15099673135214,30.49375,-81.69303816083792
26.072017000000002,-80.15099673135214,35.880361449999995,-78.78723821716514
26.072017000000002,-80.15099673135214,47.4475673,-122.3080158569515
26.072017000000002,-80.15099673135214,18.465299,-66.116666
26.072017000000002,-80.15099673135214,38.74962725,-90.37047024952082
43.58273465,-96.74120311335915,42.205699100000004,-83.35297537621658
40.9798288,-85.18791163159256,42.205699100000004,-83.35297537621658
44.290635,-105.501876,40.790066100000004,-111.97989846185591
47.620044050000004,-117.54236665513882,43.55988165,-116.20782253098173
47.620044050000004,-117.54236665513882,41.7854316,-87.75084869357148
47.620044050000004,-117.54236665513882,45.58902115,-122.5935717503766
47.620044050000004,-117.54236665513882,37.622451999999996,-122.38398938548363
30.40711375,-89.07143302103171,29.9841416,-95.33298595614491
31.0616542,-97.8206033626794,29.9841416,-95.33298595614491
35.9824519,-79.9741745,33.63779875,-84.42927118585675
35.9824519,-79.9741745,39.8606676,-104.68536732610298
35.9824519,-79.9741745,25.7949789,-80.28672341095405
34.8954456,-82.21722845651891,39.19764875,-76.68258351960611
34.8954456,-82.21722845651891,32.89651945,-97.0465220537124
34.8954456,-82.21722845651891,38.8950368,-77.0365427
47.4800263,-111.37557897482165,44.878019050000006,-93.2209280537696
14.483027,121.0310882,34.15719,-119.199293
40.4844693,-107.220936,40.68906405,-74.17725485035348
21.32040435,-157.9173135198164,33.63779875,-84.42927118585675
21.32040435,-157.9173135198164,14.483027,121.0310882
21.32040435,-157.9173135198164,19.743906,-156.0422959812206
21.32040435,-157.9173135198164,37.3633278,-121.92933857603218
32.707667,-103.1311314,29.9841416,-95.33298595614491
29.7589382,-95.3676974,32.84524055,-96.84732187569065
29.7589382,-95.3676974,33.66525745,-101.82668866739934
29.7589382,-95.3676974,40.7757145,-73.87336398511545
29.7589382,-95.3676974,33.43289075,-112.00942230268426
41.0680174,-73.70833333823488,26.072017000000002,-80.15099673135214
41.0680174,-73.70833333823488,27.9791649,-82.5349276153517
34.63699305,-86.76383388377238,39.8606676,-104.68536732610298
34.63699305,-86.76383388377238,29.9841416,-95.33298595614491
38.8950368,-77.0365427,40.7757145,-73.87336398511545
38.8950368,-77.0365427,28.412903550000003,-81.30944309752753
38.8950368,-77.0365427,29.9759983,-90.0782127
38.8950368,-77.0365427,37.7120907,-122.21450262406256
38.8950368,-77.0365427,38.687223450000005,-121.5903702806319
38.8950368,-77.0365427,18.33476905,-64.9724536459818
38.8950368,-77.0365427,43.1141752,-76.11914451143608
29.9841416,-95.33298595614491,36.11958985,-86.68308703291842
29.9841416,-95.33298595614491,33.93886305,-81.1139715103596
29.9841416,-95.33298595614491,42.205699100000004,-83.35297537621658
29.9841416,-95.33298595614491,39.6425635,-106.917134720113
29.9841416,-95.33298595614491,40.68906405,-74.17725485035348
29.9841416,-95.33298595614491,21.32040435,-157.9173135198164
29.9841416,-95.33298595614491,28.412903550000003,-81.30944309752753
29.9841416,-95.33298595614491,32.5111077,-92.0384615
29.9841416,-95.33298595614491,41.2587459,-95.9383758
29.9841416,-95.33298595614491,41.97795725,-87.90920910980722
29.9841416,-95.33298595614491,40.49178275,-80.23702448873742
29.9841416,-95.33298595614491,26.53294975,-81.75880562612211
29.9841416,-95.33298595614491,36.0625843,-94.1574328
37.649253,-97.43226330309298,36.0861034,-115.16111989849915
37.649253,-97.43226330309298,44.878019050000006,-93.2209280537696
39.6796715,-75.60763354194484,41.7854316,-87.75084869357148
34.27353635,-77.90953507173883,33.63779875,-84.42927118585675
34.27353635,-77.90953507173883,35.21074145,-80.9457435226013
39.7162533,-86.29508388539975,40.651163100000005,-75.44225386838299
39.7162533,-86.29508388539975,40.68906405,-74.17725485035348
39.7162533,-86.29508388539975,35.04625645,-89.97689466513185
43.6087926,-110.73803248494762,29.9841416,-95.33298595614491
43.6087926,-110.73803248494762,40.642947899999996,-73.7793733748521
43.6087926,-110.73803248494762,44.878019050000006,-93.2209280537696
30.49375,-81.69303816083792,40.68906405,-74.17725485035348
30.49375,-81.69303816083792,29.7589382,-95.3676974
30.49375,-81.69303816083792,39.875018,-75.23521278969667
30.49375,-81.69303816083792,18.465299,-66.116666
40.642947899999996,-73.7793733748521,41.255823899999996,-70.05803775405849
40.642947899999996,-73.7793733748521,30.19348925,-97.66500963529677
40.642947899999996,-73.7793733748521,39.19764875,-76.68258351960611
40.642947899999996,-73.7793733748521,42.205699100000004,-83.35297537621658
40.642947899999996,-73.7793733748521,26.072017000000002,-80.15099673135214
40.642947899999996,-73.7793733748521,28.412903550000003,-81.30944309752753
40.642947899999996,-73.7793733748521,42.9461717,-87.9138891
40.642947899999996,-73.7793733748521,44.878019050000006,-93.2209280537696
40.642947899999996,-73.7793733748521,18.008885999999997,-66.5633497464292
40.642947899999996,-73.7793733748521,43.6610277,-70.2548596
40.642947899999996,-73.7793733748521,35.880361449999995,-78.78723821716514
40.642947899999996,-73.7793733748521,40.790066100000004,-111.97989846185591
40.642947899999996,-73.7793733748521,38.74962725,-90.37047024952082
40.642947899999996,-73.7793733748521,18.33476905,-64.9724536459818
58.3566191,-134.58019300175383,61.18103525,-149.99789189730433
58.3566191,-134.58019300175383,47.4475673,-122.3080158569515
58.3566191,-134.58019300175383,57.047680549999995,-135.36319363134277
19.743906,-156.0422959812206,61.18103525,-149.99789189730433
19.743906,-156.0422959812206,37.3633278,-121.92933857603218
55.353764749999996,-131.7083563288072,57.047680549999995,-135.36319363134277
41.3134545,-105.6728653935462,39.8606676,-104.68536732610298
36.0861034,-115.16111989849915,41.406618550000005,-81.85120214358412
36.0861034,-115.16111989849915,38.8950368,-77.0365427
36.0861034,-115.16111989849915,31.8092748,-106.36664263248113
36.0861034,-115.16111989849915,42.9607553,-83.74563177999201
36.0861034,-115.16111989849915,38.8950368,-77.0365427
36.0861034,-115.16111989849915,42.9461717,-87.9138891
36.0861034,-115.16111989849915,41.2587459,-95.9383758
36.0861034,-115.16111989849915,45.58902115,-122.5935717503766
36.0861034,-115.16111989849915,40.49178275,-80.23702448873742
36.0861034,-115.16111989849915,35.880361449999995,-78.78723821716514
36.0861034,-115.16111989849915,29.5334021,-98.46921443046924
33.94216754999999,-118.42139298414197,42.205699100000004,-83.35297537621658
33.94216754999999,-118.42139298414197,40.68906405,-74.17725485035348
33.94216754999999,-118.42139298414197,36.776006,-119.71974456209355
33.94216754999999,-118.42139298414197, 39.123415800000004,-108.52444920306618
33.94216754999999,-118.42139298414197, 29.7589382,-95.3676974
33.94216754999999,-118.42139298414197, 37.649253,-97.43226330309298
33.94216754999999,-118.42139298414197, 35.04625645,-89.97689466513185
33.94216754999999,-118.42139298414197, 36.58705795,-121.84193978436595
33.94216754999999,-118.42139298414197, 41.97795725,-87.90920910980722
33.94216754999999,-118.42139298414197, 26.715364,-80.0532942
33.94216754999999,-118.42139298414197, 39.875018,-75.23521278969667
33.94216754999999,-118.42139298414197, 32.7174202,-117.1627728
33.94216754999999,-118.42139298414197, 34.4221319,-119.702667
33.94216754999999,-118.42139298414197, 37.3633278,-121.92933857603218
40.7757145,-73.87336398511545, 42.9402016,-78.73075229745353
40.7757145,-73.87336398511545, 41.406618550000005,-81.85120214358412
40.7757145,-73.87336398511545, 39.8606676,-104.68536732610298
40.7757145,-73.87336398511545, 42.9632405,-85.6678639
40.7757145,-73.87336398511545, 28.412903550000003,-81.30944309752753
40.7757145,-73.87336398511545, 35.04625645,-89.97689466513185
40.7757145,-73.87336398511545, 39.875018,-75.23521278969667
40.7757145,-73.87336398511545, 38.74962725,-90.37047024952082
33.815565899999996,-118.15342922166721, 42.3554334,-71.060511
33.815565899999996,-118.15342922166721, 37.622451999999996,-122.38398938548363
21.97206585,-159.33671538390365, 45.58902115,-122.5935717503766
34.7311092,-92.22457817801748, 35.21074145,-80.9457435226013
40.84731465,-96.75744255958236, 41.97795725,-87.90920910980722
31.9370282,-102.4154247, 32.84524055,-96.84732187569065
31.9370282,-102.4154247, 32.89651945,-97.0465220537124
39.3023103,-94.72118991743454, 40.642947899999996,-73.7793733748521
39.3023103,-94.72118991743454, 29.9759983,-90.0782127
28.412903550000003,-81.30944309752753, 33.63779875,-84.42927118585675
28.412903550000003,-81.30944309752753, 38.8950368,-77.0365427
28.412903550000003,-81.30944309752753, 29.7589382,-95.3676974
28.412903550000003,-81.30944309752753, 41.0680174,-73.70833333823488
28.412903550000003,-81.30944309752753, 29.9841416,-95.33298595614491
28.412903550000003,-81.30944309752753, 40.7757145,-73.87336398511545
28.412903550000003,-81.30944309752753, 29.9759983,-90.0782127
28.412903550000003,-81.30944309752753, 38.1495947,-79.072557
28.412903550000003,-81.30944309752753, 18.465299,-66.116666
28.412903550000003,-81.30944309752753, 40.790066100000004,-111.97989846185591
40.193209800000005,-76.75294587287746, 39.8606676,-104.68536732610298
40.193209800000005,-76.75294587287746, 41.97795725,-87.90920910980722
41.7854316,-87.75084869357148, 30.19348925,-97.66500963529677
41.7854316,-87.75084869357148, 26.072017000000002,-80.15099673135214
41.7854316,-87.75084869357148, 35.880361449999995,-78.78723821716514
41.7854316,-87.75084869357148, 32.7174202,-117.1627728
41.7854316,-87.75084869357148, 37.622451999999996,-122.38398938548363
35.04625645,-89.97689466513185, 33.63779875,-84.42927118585675
35.04625645,-89.97689466513185, 42.3554334,-71.060511
35.04625645,-89.97689466513185, 35.21074145,-80.9457435226013
35.04625645,-89.97689466513185, 39.7162533,-86.29508388539975
35.04625645,-89.97689466513185, 34.7311092,-92.22457817801748
35.04625645,-89.97689466513185, 42.9461717,-87.9138891
35.04625645,-89.97689466513185, 33.43289075,-112.00942230268426
35.04625645,-89.97689466513185, 40.49178275,-80.23702448873742
35.04625645,-89.97689466513185, 27.9791649,-82.5349276153517
42.93066555,-71.43882646608829, 39.8606676,-104.68536732610298
42.93066555,-71.43882646608829, 40.68906405,-74.17725485035348
25.7949789,-80.28672341095405, 39.8606676,-104.68536732610298
25.7949789,-80.28672341095405, 32.89651945,-97.0465220537124
25.7949789,-80.28672341095405, 39.7162533,-86.29508388539975
25.7949789,-80.28672341095405, 30.49375,-81.69303816083792
25.7949789,-80.28672341095405, 30.4725975,-87.18808592919096
25.7949789,-80.28672341095405, 35.880361449999995,-78.78723821716514
42.9461717,-87.9138891, 40.68906405,-74.17725485035348
42.9461717,-87.9138891, 33.94216754999999,-118.42139298414197
42.9461717,-87.9138891, 40.7757145,-73.87336398511545
42.9461717,-87.9138891, 28.412903550000003,-81.30944309752753
42.9461717,-87.9138891, 26.53294975,-81.75880562612211
28.1027201,-80.64815801235798, 33.63779875,-84.42927118585675
37.6432525,-118.9668509, 32.7174202,-117.1627728
37.6432525,-118.9668509, 33.67420559999999,-117.86801480770461
46.349652,-87.3871745, 42.205699100000004,-83.35297537621658
46.349652,-87.3871745, 41.97795725,-87.90920910980722
43.1420815,-89.33774533660622, 28.412903550000003,-81.30944309752753
46.91686665,-114.08780053891442, 41.97795725,-87.90920910980722
44.878019050000006,-93.2209280537696, 42.748015949999996,-73.79855563763934
44.878019050000006,-93.2209280537696, 61.18103525,-149.99789189730433
44.878019050000006,-93.2209280537696, 39.2208967,-106.86697301509874
44.878019050000006,-93.2209280537696, 33.63779875,-84.42927118585675
44.878019050000006,-93.2209280537696, 42.2307865,-85.5510419237961
44.878019050000006,-93.2209280537696, 46.7964145,-100.8196359
44.878019050000006,-93.2209280537696, 42.9402016,-78.73075229745353
44.878019050000006,-93.2209280537696, 45.78359005,-111.15697962783483
44.878019050000006,-93.2209280537696, 35.21074145,-80.9457435226013
44.878019050000006,-93.2209280537696, 39.8606676,-104.68536732610298
44.878019050000006,-93.2209280537696, 46.84183845,-92.20329684929376
44.878019050000006,-93.2209280537696, 38.8950368,-77.0365427
44.878019050000006,-93.2209280537696, 43.878607,-91.25557153542314
44.878019050000006,-93.2209280537696, 39.875018,-75.23521278969667
44.878019050000006,-93.2209280537696, 33.83033915,-116.50964534531111
29.9759983,-90.0782127, 39.19764875,-76.68258351960611
29.9759983,-90.0782127, 41.406618550000005,-81.85120214358412
29.9759983,-90.0782127, 32.84524055,-96.84732187569065
29.9759983,-90.0782127, 26.072017000000002,-80.15099673135214
29.9759983,-90.0782127, 38.8950368,-77.0365427
29.9759983,-90.0782127, 28.412903550000003,-81.30944309752753
38.3996962,-107.8330195, 29.9841416,-95.33298595614491
38.3996962,-107.8330195, 41.97795725,-87.90920910980722
34.776723700000005,-77.38983364228667, 33.63779875,-84.42927118585675
34.776723700000005,-77.38983364228667, 35.21074145,-80.9457435226013
37.7120907,-122.21450262406256, 43.55988165,-116.20782253098173
37.7120907,-122.21450262406256, 21.32040435,-157.9173135198164
37.7120907,-122.21450262406256, 33.43289075,-112.00942230268426
20.89569785,-156.43404764122727, 21.32040435,-157.9173135198164
20.89569785,-156.43404764122727, 19.743906,-156.0422959812206
20.89569785,-156.43404764122727, 33.94216754999999,-118.42139298414197
20.89569785,-156.43404764122727, 37.7120907,-122.21450262406256
20.89569785,-156.43404764122727, 37.3633278,-121.92933857603218
35.3848053,-97.60534425082406, 33.63779875,-84.42927118585675
35.3848053,-97.60534425082406, 29.7589382,-95.3676974
35.3848053,-97.60534425082406, 33.43289075,-112.00942230268426
35.3848053,-97.60534425082406, 37.622451999999996,-122.38398938548363
41.2587459,-95.9383758, 29.9841416,-95.33298595614491
41.2587459,-95.9383758, 41.7854316,-87.75084869357148
41.2587459,-95.9383758, 33.43289075,-112.00942230268426
41.2587459,-95.9383758, 37.622451999999996,-122.38398938548363
41.2587459,-95.9383758, 40.790066100000004,-111.97989846185591
34.05414245,-117.59915769373036, 39.8606676,-104.68536732610298
34.05414245,-117.59915769373036, 41.7854316,-87.75084869357148
34.05414245,-117.59915769373036, 37.3633278,-121.92933857603218
34.05414245,-117.59915769373036, 38.687223450000005,-121.5903702806319
41.97795725,-87.90920910980722, 35.4364233,-82.54088095049624
41.97795725,-87.90920910980722, 43.55988165,-116.20782253098173
41.97795725,-87.90920910980722, 32.89929845,-80.03946503050427
41.97795725,-87.90920910980722, 48.202158,-114.315321
41.97795725,-87.90920910980722, 42.7337712,-84.5553805
41.97795725,-87.90920910980722, 41.3134545,-105.6728653935462
41.97795725,-87.90920910980722, 39.3023103,-94.72118991743454
41.97795725,-87.90920910980722, 40.193209800000005,-76.75294587287746
41.97795725,-87.90920910980722, 35.04625645,-89.97689466513185
41.97795725,-87.90920910980722, 29.9759983,-90.0782127
41.97795725,-87.90920910980722, 44.0234387,-92.4630182
41.97795725,-87.90920910980722, 47.4475673,-122.3080158569515
41.97795725,-87.90920910980722, 37.3633278,-121.92933857603218
41.97795725,-87.90920910980722, 43.1141752,-76.11914451143608
41.97795725,-87.90920910980722, 32.11237945,-110.93938747808727
41.97795725,-87.90920910980722, 36.0625843,-94.1574328
36.8946697,-76.20229629965002, 35.21074145,-80.9457435226013
36.8946697,-76.20229629965002, 27.9791649,-82.5349276153517
66.8836843,-162.61074661016386, 64.5124643,-165.4560373774767
26.715364,-80.0532942, 40.49178275,-80.23702448873742
26.715364,-80.0532942, 27.9791649,-82.5349276153517
45.58902115,-122.5935717503766, 41.97795725,-87.90920910980722
45.58902115,-122.5935717503766, 33.83033915,-116.50964534531111
45.58902115,-122.5935717503766, 44.2165084,-121.2150324
45.58902115,-122.5935717503766, 40.790066100000004,-111.97989846185591
39.875018,-75.23521278969667, 42.3554334,-71.060511
39.875018,-75.23521278969667, 41.7854316,-87.75084869357148
39.875018,-75.23521278969667, 40.790066100000004,-111.97989846185591
33.43289075,-112.00942230268426, 36.776006,-119.71974456209355
33.43289075,-112.00942230268426, 21.32040435,-157.9173135198164
33.43289075,-112.00942230268426, 29.7589382,-95.3676974
33.43289075,-112.00942230268426, 39.3023103,-94.72118991743454
33.43289075,-112.00942230268426, 38.74962725,-90.37047024952082
40.6652029,-89.69682574521849, 39.8606676,-104.68536732610298
40.49178275,-80.23702448873742, 33.63779875,-84.42927118585675
30.4725975,-87.18808592919096, 36.11958985,-86.68308703291842
46.1729122,-119.0697308, 44.878019050000006,-93.2209280537696
18.008885999999997,-66.5633497464292, 28.412903550000003,-81.30944309752753
33.83033915,-116.50964534531111, 29.9841416,-95.33298595614491
33.83033915,-116.50964534531111, 33.43289075,-112.00942230268426
41.8239891,-71.4128343, 39.875018,-75.23521278969667
43.6610277,-70.2548596, 40.68906405,-74.17725485035348
43.6610277,-70.2548596, 38.8950368,-77.0365427
43.6610277,-70.2548596, 41.97795725,-87.90920910980722
44.0448069,-103.06068012445681, 39.8606676,-104.68536732610298
44.2165084,-121.2150324, 33.94216754999999,-118.42139298414197
35.880361449999995,-78.78723821716514, 41.764582,-72.6908547
35.880361449999995,-78.78723821716514, 41.406618550000005,-81.85120214358412
35.880361449999995,-78.78723821716514, 32.89651945,-97.0465220537124
35.880361449999995,-78.78723821716514, 33.94216754999999,-118.42139298414197
35.880361449999995,-78.78723821716514, 44.878019050000006,-93.2209280537696
45.6314535,-89.47897405074303, 44.878019050000006,-93.2209280537696
37.5073698,-77.3336845, 38.8950368,-77.0365427
37.5073698,-77.3336845, 40.7757145,-73.87336398511545
37.5073698,-77.3336845, 28.412903550000003,-81.30944309752753
37.5073698,-77.3336845, 41.97795725,-87.90920910980722
41.59507585,-109.06842143015916, 39.8606676,-104.68536732610298
39.498646199999996,-119.77333186086474, 36.0861034,-115.16111989849915
39.498646199999996,-119.77333186086474, 34.05414245,-117.59915769373036
37.32442625,-79.97679739235411, 38.8950368,-77.0365427
43.1161699,-77.67269338979611, 39.19764875,-76.68258351960611
43.1161699,-77.67269338979611, 38.8950368,-77.0365427
43.1161699,-77.67269338979611, 28.412903550000003,-81.30944309752753
43.1161699,-77.67269338979611, 27.9791649,-82.5349276153517
33.3006936,-104.5316574, 32.89651945,-97.0465220537124
26.53294975,-81.75880562612211, 42.3554334,-71.060511
26.53294975,-81.75880562612211, 40.642947899999996,-73.7793733748521
32.7174202,-117.1627728, 35.037669449999996,-106.61096752176844
32.7174202,-117.1627728, 35.21074145,-80.9457435226013
32.7174202,-117.1627728, 42.205699100000004,-83.35297537621658
32.7174202,-117.1627728, 29.9841416,-95.33298595614491
32.7174202,-117.1627728, 39.3023103,-94.72118991743454
32.7174202,-117.1627728, 37.7120907,-122.21450262406256
32.7174202,-117.1627728, 40.790066100000004,-111.97989846185591
32.7174202,-117.1627728, 38.74962725,-90.37047024952082
29.5334021,-98.46921443046924, 36.11958985,-86.68308703291842
29.5334021,-98.46921443046924, 39.8606676,-104.68536732610298
29.5334021,-98.46921443046924, 37.622451999999996,-122.38398938548363
32.12423765,-81.19770644774445, 40.68906405,-74.17725485035348
41.708347950000004,-86.32303457180205, 40.68906405,-74.17725485035348
41.708347950000004,-86.32303457180205, 44.878019050000006,-93.2209280537696
38.1716962,-85.73540756381095, 39.8606676,-104.68536732610298
38.1716962,-85.73540756381095, 40.7757145,-73.87336398511545
47.4475673,-122.3080158569515, 39.1014537,-84.5124602
47.4475673,-122.3080158569515, 32.89651945,-97.0465220537124
47.4475673,-122.3080158569515, 55.353764749999996,-131.7083563288072
47.4475673,-122.3080158569515, 34.05414245,-117.59915769373036
47.4475673,-122.3080158569515, 57.047680549999995,-135.36319363134277
47.4475673,-122.3080158569515, 33.67420559999999,-117.86801480770461
37.622451999999996,-122.38398938548363, 41.406618550000005,-81.85120214358412
37.622451999999996,-122.38398938548363, 42.205699100000004,-83.35297537621658
37.622451999999996,-122.38398938548363, 40.68906405,-74.17725485035348
37.622451999999996,-122.38398938548363, 26.072017000000002,-80.15099673135214
37.622451999999996,-122.38398938548363, 33.94216754999999,-118.42139298414197
37.622451999999996,-122.38398938548363, 41.7854316,-87.75084869357148
37.622451999999996,-122.38398938548363, 46.91686665,-114.08780053891442
37.622451999999996,-122.38398938548363, 44.878019050000006,-93.2209280537696
37.622451999999996,-122.38398938548363, 39.875018,-75.23521278969667
37.622451999999996,-122.38398938548363, 33.43289075,-112.00942230268426
37.622451999999996,-122.38398938548363, 46.1729122,-119.0697308
37.622451999999996,-122.38398938548363, 33.83033915,-116.50964534531111
37.3633278,-121.92933857603218, 30.19348925,-97.66500963529677
37.3633278,-121.92933857603218, 41.7854316,-87.75084869357148
40.790066100000004,-111.97989846185591, 34.19629105,-118.35441727681797
40.790066100000004,-111.97989846185591, 44.290635,-105.501876
40.790066100000004,-111.97989846185591, 39.3023103,-94.72118991743454
40.790066100000004,-111.97989846185591, 35.04625645,-89.97689466513185
40.790066100000004,-111.97989846185591, 45.58902115,-122.5935717503766
40.790066100000004,-111.97989846185591, 41.59507585,-109.06842143015916
40.790066100000004,-111.97989846185591, 37.0342442,-113.50901654550276
40.790066100000004,-111.97989846185591, 37.3633278,-121.92933857603218
40.790066100000004,-111.97989846185591, 36.0625843,-94.1574328
38.687223450000005,-121.5903702806319, 39.8606676,-104.68536732610298
38.687223450000005,-121.5903702806319, 21.32040435,-157.9173135198164
38.687223450000005,-121.5903702806319, 41.7854316,-87.75084869357148
34.9531295,-120.435857, 33.94216754999999,-118.42139298414197
33.67420559999999,-117.86801480770461, 41.7854316,-87.75084869357148
33.67420559999999,-117.86801480770461, 47.4475673,-122.3080158569515
27.395988350000003,-82.55407423064528, 42.205699100000004,-83.35297537621658
38.74962725,-90.37047024952082, 35.037669449999996,-106.61096752176844
38.74962725,-90.37047024952082, 33.63779875,-84.42927118585675
38.74962725,-90.37047024952082, 39.1014537,-84.5124602
38.74962725,-90.37047024952082, 41.534549299999995,-93.65923944589736
38.74962725,-90.37047024952082, 42.205699100000004,-83.35297537621658
38.74962725,-90.37047024952082, 38.8950368,-77.0365427
38.74962725,-90.37047024952082, 35.04625645,-89.97689466513185
38.74962725,-90.37047024952082, 38.1716962,-85.73540756381095
38.74962725,-90.37047024952082, 37.622451999999996,-122.38398938548363
18.33476905,-64.9724536459818, 40.68906405,-74.17725485035348
18.33476905,-64.9724536459818, 39.875018,-75.23521278969667
43.1141752,-76.11914451143608, 41.0680174,-73.70833333823488
43.1141752,-76.11914451143608, 40.7757145,-73.87336398511545
27.9791649,-82.5349276153517, 42.748015949999996,-73.79855563763934
27.9791649,-82.5349276153517, 30.19348925,-97.66500963529677
27.9791649,-82.5349276153517, 39.99705605,-82.89304061484347
27.9791649,-82.5349276153517, 38.8950368,-77.0365427
27.9791649,-82.5349276153517, 38.8950368,-77.0365427
27.9791649,-82.5349276153517, 35.04625645,-89.97689466513185
27.9791649,-82.5349276153517, 42.93066555,-71.43882646608829
27.9791649,-82.5349276153517, 26.715364,-80.0532942
27.9791649,-82.5349276153517, 33.43289075,-112.00942230268426
27.9791649,-82.5349276153517, 40.49178275,-80.23702448873742
27.9791649,-82.5349276153517, 38.74962725,-90.37047024952082
36.19914,-95.8867383912098, 33.63779875,-84.42927118585675
36.19914,-95.8867383912098, 41.97795725,-87.90920910980722
32.11237945,-110.93938747808727, 32.89651945,-97.0465220537124
32.11237945,-110.93938747808727, 41.7854316,-87.75084869357148
32.11237945,-110.93938747808727, 44.878019050000006,-93.2209280537696
44.7606441,-85.6165301, 41.97795725,-87.90920910980722
35.9603948,-83.9210261, 33.63779875,-84.42927118585675
35.9603948,-83.9210261, 39.8606676,-104.68536732610298
36.0625843,-94.1574328, 29.9841416,-95.33298595614491
40.651163100000005,-75.44225386838299, 42.205699100000004,-83.35297537621658
40.651163100000005,-75.44225386838299, 38.8950368,-77.0365427
40.651163100000005,-75.44225386838299, 41.97795725,-87.90920910980722
35.037669449999996,-106.61096752176844, 33.63779875,-84.42927118585675
41.255823899999996,-70.05803775405849, 42.3554334,-71.060511
31.329273649999998,-92.54095486627727, 29.9841416,-95.33298595614491
42.748015949999996,-73.79855563763934, 33.63779875,-84.42927118585675
42.748015949999996,-73.79855563763934, 39.19764875,-76.68258351960611
35.2208033,-101.70973292853489, 29.9841416,-95.33298595614491
61.18103525,-149.99789189730433, 33.63779875,-84.42927118585675
61.18103525,-149.99789189730433, 21.32040435,-157.9173135198164
61.18103525,-149.99789189730433, 33.43289075,-112.00942230268426
33.63779875,-84.42927118585675, 30.5319743,-91.15042415051039
33.63779875,-84.42927118585675, 32.89929845,-80.03946503050427
33.63779875,-84.42927118585675, 39.905318699999995,-84.22024542480268
33.63779875,-84.42927118585675, 32.89651945,-97.0465220537124
33.63779875,-84.42927118585675, 34.63699305,-86.76383388377238
33.63779875,-84.42927118585675, 38.8950368,-77.0365427
33.63779875,-84.42927118585675, 39.7162533,-86.29508388539975
33.63779875,-84.42927118585675, 43.6087926,-110.73803248494762
33.63779875,-84.42927118585675, 34.7311092,-92.22457817801748
33.63779875,-84.42927118585675, 32.29656065,-86.39039567484974
33.63779875,-84.42927118585675, 28.1027201,-80.64815801235798
33.63779875,-84.42927118585675, 35.3848053,-97.60534425082406
33.63779875,-84.42927118585675, 37.132296499999995,-76.49401292414504
33.63779875,-84.42927118585675, 37.5073698,-77.3336845
33.63779875,-84.42927118585675, 37.24298375,-93.3889140611615
33.63779875,-84.42927118585675, 40.276411949999996,-74.81321108368704
33.63779875,-84.42927118585675, 32.11237945,-110.93938747808727
44.25659495,-88.52169598755702, 42.205699100000004,-83.35297537621658
30.19348925,-97.66500963529677, 39.19764875,-76.68258351960611
30.19348925,-97.66500963529677, 38.8950368,-77.0365427
30.19348925,-97.66500963529677, 39.8606676,-104.68536732610298
30.19348925,-97.66500963529677, 42.205699100000004,-83.35297537621658
30.19348925,-97.66500963529677, 40.642947899999996,-73.7793733748521
30.19348925,-97.66500963529677, 33.815565899999996,-118.15342922166721
30.19348925,-97.66500963529677, 47.4475673,-122.3080158569515
35.4364233,-82.54088095049624, 40.68906405,-74.17725485035348
41.33709205,-75.72257122928625, 33.63779875,-84.42927118585675
41.33709205,-75.72257122928625, 35.21074145,-80.9457435226013
33.30591455,-111.6526441150196, 39.8606676,-104.68536732610298
41.764582,-72.6908547, 39.8606676,-104.68536732610298
41.764582,-72.6908547, 32.89651945,-97.0465220537124
41.764582,-72.6908547, 40.68906405,-74.17725485035348
41.764582,-72.6908547, 26.715364,-80.0532942
45.809234849999996,-108.54767517885944, 39.8606676,-104.68536732610298
45.809234849999996,-108.54767517885944, 40.790066100000004,-111.97989846185591
36.527800049999996,-93.19781657947979, 41.7854316,-87.75084869357148
48.79368955,-122.53595690761102, 36.0861034,-115.16111989849915
36.11958985,-86.68308703291842, 30.19348925,-97.66500963529677
36.11958985,-86.68308703291842, 38.8950368,-77.0365427
36.11958985,-86.68308703291842, 28.412903550000003,-81.30944309752753
36.11958985,-86.68308703291842, 44.878019050000006,-93.2209280537696
36.11958985,-86.68308703291842, 26.53294975,-81.75880562612211
36.11958985,-86.68308703291842, 40.790066100000004,-111.97989846185591
43.55988165,-116.20782253098173, 33.43289075,-112.00942230268426
43.55988165,-116.20782253098173, 37.622451999999996,-122.38398938548363
43.55988165,-116.20782253098173, 40.790066100000004,-111.97989846185591
42.3554334,-71.060511, 32.89929845,-80.03946503050427
42.3554334,-71.060511, 33.94216754999999,-118.42139298414197
42.3554334,-71.060511, 25.7949789,-80.28672341095405
42.3554334,-71.060511, 39.875018,-75.23521278969667
42.3554334,-71.060511, 37.5073698,-77.3336845
42.3554334,-71.060511, 37.622451999999996,-122.38398938548363
42.3554334,-71.060511, 27.395988350000003,-82.55407423064528
44.472896500000004,-73.15146310750751, 41.406618550000005,-81.85120214358412
44.472896500000004,-73.15146310750751, 39.875018,-75.23521278969667
42.9402016,-78.73075229745353, 42.3554334,-71.060511
42.9402016,-78.73075229745353, 38.8950368,-77.0365427
42.9402016,-78.73075229745353, 28.412903550000003,-81.30944309752753
42.9402016,-78.73075229745353, 39.875018,-75.23521278969667
34.19629105,-118.35441727681797, 37.622451999999996,-122.38398938548363
34.19629105,-118.35441727681797, 40.790066100000004,-111.97989846185591
39.19764875,-76.68258351960611, 36.11958985,-86.68308703291842
39.19764875,-76.68258351960611, 41.406618550000005,-81.85120214358412
39.19764875,-76.68258351960611, 35.21074145,-80.9457435226013
39.19764875,-76.68258351960611, 32.89651945,-97.0465220537124
39.19764875,-76.68258351960611, 42.205699100000004,-83.35297537621658
39.19764875,-76.68258351960611, 40.68906405,-74.17725485035348
39.19764875,-76.68258351960611, 36.0861034,-115.16111989849915
39.19764875,-76.68258351960611, 42.93066555,-71.43882646608829
39.19764875,-76.68258351960611, 44.878019050000006,-93.2209280537696
39.19764875,-76.68258351960611, 35.880361449999995,-78.78723821716514
39.19764875,-76.68258351960611, 26.53294975,-81.75880562612211
39.19764875,-76.68258351960611, 38.74962725,-90.37047024952082
45.78359005,-111.15697962783483, 33.63779875,-84.42927118585675
33.93886305,-81.1139715103596, 32.89651945,-97.0465220537124
33.93886305,-81.1139715103596, 42.205699100000004,-83.35297537621658
40.9152061,-81.43992419328089, 27.9791649,-82.5349276153517
60.49175165,-145.4738853571373, 61.18103525,-149.99789189730433
32.89929845,-80.03946503050427, 39.19764875,-76.68258351960611
32.89929845,-80.03946503050427, 40.7757145,-73.87336398511545
32.89929845,-80.03946503050427, 41.97795725,-87.90920910980722
41.406618550000005,-81.85120214358412, 36.11958985,-86.68308703291842
41.406618550000005,-81.85120214358412, 42.9402016,-78.73075229745353
41.406618550000005,-81.85120214358412, 38.8950368,-77.0365427
41.406618550000005,-81.85120214358412, 36.0861034,-115.16111989849915
41.406618550000005,-81.85120214358412, 38.74962725,-90.37047024952082
35.21074145,-80.9457435226013, 30.49375,-81.69303816083792
35.21074145,-80.9457435226013, 40.7757145,-73.87336398511545
35.21074145,-80.9457435226013, 34.7311092,-92.22457817801748
35.21074145,-80.9457435226013, 39.3023103,-94.72118991743454
35.21074145,-80.9457435226013, 35.04625645,-89.97689466513185
35.21074145,-80.9457435226013, 26.53294975,-81.75880562612211
35.21074145,-80.9457435226013, 29.5334021,-98.46921443046924
35.21074145,-80.9457435226013, 32.12423765,-81.19770644774445
35.21074145,-80.9457435226013, 47.4475673,-122.3080158569515
35.21074145,-80.9457435226013, 37.622451999999996,-122.38398938548363
35.21074145,-80.9457435226013, 40.790066100000004,-111.97989846185591
39.99705605,-82.89304061484347, 42.3554334,-71.060511
39.99705605,-82.89304061484347, 39.19764875,-76.68258351960611
39.99705605,-82.89304061484347, 33.94216754999999,-118.42139298414197
38.3727111,-81.7073326, 33.63779875,-84.42927118585675
38.3727111,-81.7073326, 40.7757145,-73.87336398511545
39.1014537,-84.5124602, 39.19764875,-76.68258351960611
39.1014537,-84.5124602, 41.406618550000005,-81.85120214358412
39.1014537,-84.5124602, 38.3727111,-81.7073326
39.1014537,-84.5124602, 39.8606676,-104.68536732610298
39.1014537,-84.5124602, 44.878019050000006,-93.2209280537696
39.1014537,-84.5124602, 32.7174202,-117.1627728
32.84524055,-96.84732187569065, 33.63779875,-84.42927118585675
32.84524055,-96.84732187569065, 33.66525745,-101.82668866739934
32.84524055,-96.84732187569065, 39.3023103,-94.72118991743454
39.905318699999995,-84.22024542480268, 42.205699100000004,-83.35297537621658
39.905318699999995,-84.22024542480268, 44.878019050000006,-93.2209280537696
39.905318699999995,-84.22024542480268, 27.9791649,-82.5349276153517
38.8950368,-77.0365427, 30.19348925,-97.66500963529677
38.8950368,-77.0365427, 26.072017000000002,-80.15099673135214
38.8950368,-77.0365427, 40.642947899999996,-73.7793733748521
38.8950368,-77.0365427, 33.94216754999999,-118.42139298414197
38.8950368,-77.0365427, 38.03480425,-84.60492174770525
38.8950368,-77.0365427, 29.9759983,-90.0782127
38.8950368,-77.0365427, 45.58902115,-122.5935717503766
38.8950368,-77.0365427, 27.9791649,-82.5349276153517
39.8606676,-104.68536732610298, 40.4844693,-107.220936
39.8606676,-104.68536732610298, 43.5151828,-112.06621704111444
39.8606676,-104.68536732610298, 41.7854316,-87.75084869357148
39.8606676,-104.68536732610298, 37.7120907,-122.21450262406256
39.8606676,-104.68536732610298, 20.89569785,-156.43404764122727
39.8606676,-104.68536732610298, 37.132296499999995,-76.49401292414504
39.8606676,-104.68536732610298, 35.880361449999995,-78.78723821716514
39.8606676,-104.68536732610298, 41.59507585,-109.06842143015916
39.8606676,-104.68536732610298, 32.7174202,-117.1627728
39.8606676,-104.68536732610298, 40.790066100000004,-111.97989846185591
32.89651945,-97.0465220537124, 35.037669449999996,-106.61096752176844
32.89651945,-97.0465220537124, 61.18103525,-149.99789189730433
32.89651945,-97.0465220537124, 40.4733557,-88.91480264613926
32.89651945,-97.0465220537124, 42.3554334,-71.060511
32.89651945,-97.0465220537124, 30.5319743,-91.15042415051039
32.89651945,-97.0465220537124, 37.15284235,-107.7586059173994
32.89651945,-97.0465220537124, 42.205699100000004,-83.35297537621658
32.89651945,-97.0465220537124, 31.8092748,-106.36664263248113
32.89651945,-97.0465220537124, 40.9798288,-85.18791163159256
32.89651945,-97.0465220537124, 37.929671150000004,-100.72643189287152
32.89651945,-97.0465220537124, 31.0616542,-97.8206033626794
32.89651945,-97.0465220537124, 42.9632405,-85.6678639
32.89651945,-97.0465220537124, 31.9370282,-102.4154247
32.89651945,-97.0465220537124, 42.9461717,-87.9138891
32.89651945,-97.0465220537124, 44.878019050000006,-93.2209280537696
32.89651945,-97.0465220537124, 26.715364,-80.0532942
32.89651945,-97.0465220537124, 39.875018,-75.23521278969667
32.89651945,-97.0465220537124, 33.3006936,-104.5316574
32.89651945,-97.0465220537124, 38.687223450000005,-121.5903702806319
32.89651945,-97.0465220537124, 27.9791649,-82.5349276153517
31.2237434,-85.3933906, 33.63779875,-84.42927118585675
46.80199425,-102.80051985071012, 39.8606676,-104.68536732610298
41.534549299999995,-93.65923944589736, 39.8606676,-104.68536732610298
41.534549299999995,-93.65923944589736, 33.43289075,-112.00942230268426
41.534549299999995,-93.65923944589736, 38.74962725,-90.37047024952082
42.205699100000004,-83.35297537621658, 41.33709205,-75.72257122928625
42.205699100000004,-83.35297537621658, 39.1014537,-84.5124602
42.205699100000004,-83.35297537621658, 41.534549299999995,-93.65923944589736
42.205699100000004,-83.35297537621658, 43.58273465,-96.74120311335915
42.205699100000004,-83.35297537621658, 35.9824519,-79.9741745
42.205699100000004,-83.35297537621658, 29.9759983,-90.0782127
42.205699100000004,-83.35297537621658, 35.3848053,-97.60534425082406
42.205699100000004,-83.35297537621658, 45.58902115,-122.5935717503766
42.205699100000004,-83.35297537621658, 43.1161699,-77.67269338979611
39.6425635,-106.917134720113, 40.68906405,-74.17725485035348
39.6425635,-106.917134720113, 44.878019050000006,-93.2209280537696
39.6425635,-106.917134720113, 41.97795725,-87.90920910980722
31.8092748,-106.36664263248113, 39.8606676,-104.68536732610298
40.68906405,-74.17725485035348, 41.764582,-72.6908547
40.68906405,-74.17725485035348, 39.3023103,-94.72118991743454
40.68906405,-74.17725485035348, 43.1420815,-89.33774533660622
40.68906405,-74.17725485035348, 35.3848053,-97.60534425082406
40.68906405,-74.17725485035348, 26.715364,-80.0532942
40.68906405,-74.17725485035348, 39.875018,-75.23521278969667
40.68906405,-74.17725485035348, 29.5334021,-98.46921443046924
64.81761,-147.86784231862563, 45.58902115,-122.5935717503766
46.9208925,-96.81448802996968, 33.63779875,-84.42927118585675
26.072017000000002,-80.15099673135214, 38.8950368,-77.0365427
26.072017000000002,-80.15099673135214, 36.0861034,-115.16111989849915
26.072017000000002,-80.15099673135214, 41.97795725,-87.90920910980722
26.072017000000002,-80.15099673135214, 33.43289075,-112.00942230268426
26.072017000000002,-80.15099673135214, 27.9791649,-82.5349276153517
26.072017000000002,-80.15099673135214, 40.276411949999996,-74.81321108368704
43.58273465,-96.74120311335915, 32.89651945,-97.0465220537124
40.9798288,-85.18791163159256, 33.63779875,-84.42927118585675
47.620044050000004,-117.54236665513882, 33.94216754999999,-118.42139298414197
47.9518219,-97.17447065299604, 39.8606676,-104.68536732610298
39.123415800000004,-108.52444920306618, 39.8606676,-104.68536732610298
39.123415800000004,-108.52444920306618, 32.89651945,-97.0465220537124
30.40711375,-89.07143302103171, 33.63779875,-84.42927118585675
42.9632405,-85.6678639, 39.1014537,-84.5124602
42.9632405,-85.6678639, 44.878019050000006,-93.2209280537696
42.9632405,-85.6678639, 38.74962725,-90.37047024952082
34.8954456,-82.21722845651891, 33.63779875,-84.42927118585675
47.4800263,-111.37557897482165, 40.790066100000004,-111.97989846185591
38.5323609,-106.93982729134346, 39.8606676,-104.68536732610298
40.4844693,-107.220936, 32.89651945,-97.0465220537124
46.6063969,-111.98274447010309, 39.8606676,-104.68536732610298
21.32040435,-157.9173135198164, 29.9841416,-95.33298595614491
21.32040435,-157.9173135198164, 19.718830599999997,-155.04755391447696
21.32040435,-157.9173135198164, 47.4475673,-122.3080158569515
21.32040435,-157.9173135198164, 37.622451999999996,-122.38398938548363
29.7589382,-95.3676974, 33.563500000000005,-86.75151249023227
29.7589382,-95.3676974, 39.19764875,-76.68258351960611
29.7589382,-95.3676974, 39.8606676,-104.68536732610298
29.7589382,-95.3676974, 26.072017000000002,-80.15099673135214
29.7589382,-95.3676974, 34.8954456,-82.21722845651891
29.7589382,-95.3676974, 30.4725975,-87.18808592919096
41.0680174,-73.70833333823488, 42.205699100000004,-83.35297537621658
41.0680174,-73.70833333823488, 26.715364,-80.0532942
34.63699305,-86.76383388377238, 33.63779875,-84.42927118585675
34.63699305,-86.76383388377238, 42.205699100000004,-83.35297537621658
38.8950368,-77.0365427, 42.93066555,-71.43882646608829
38.8950368,-77.0365427, 25.7949789,-80.28672341095405
38.8950368,-77.0365427, 40.790066100000004,-111.97989846185591
29.9841416,-95.33298595614491, 30.63009225,-96.33683659611643
29.9841416,-95.33298595614491, 39.99705605,-82.89304061484347
29.9841416,-95.33298595614491, 27.7702374,-97.50657535472868
29.9841416,-95.33298595614491, 38.3727111,-81.7073326
29.9841416,-95.33298595614491, 32.84524055,-96.84732187569065
29.9841416,-95.33298595614491, 29.3623533,-100.902672
29.9841416,-95.33298595614491, 39.123415800000004,-108.52444920306618
29.9841416,-95.33298595614491, 42.9632405,-85.6678639
29.9841416,-95.33298595614491, 34.63699305,-86.76383388377238
29.9841416,-95.33298595614491, 40.642947899999996,-73.7793733748521
29.9841416,-95.33298595614491, 31.9370282,-102.4154247
29.9841416,-95.33298595614491, 25.7949789,-80.28672341095405
29.9841416,-95.33298595614491, 42.9461717,-87.9138891
29.9841416,-95.33298595614491, 44.878019050000006,-93.2209280537696
29.9841416,-95.33298595614491, 38.3996962,-107.8330195
29.9841416,-95.33298595614491, 39.875018,-75.23521278969667
29.9841416,-95.33298595614491, 33.43289075,-112.00942230268426
29.9841416,-95.33298595614491, 30.4725975,-87.18808592919096
29.9841416,-95.33298595614491, 35.880361449999995,-78.78723821716514
29.9841416,-95.33298595614491, 37.3633278,-121.92933857603218
29.9841416,-95.33298595614491, 35.9603948,-83.9210261
39.7162533,-86.29508388539975, 42.205699100000004,-83.35297537621658
39.7162533,-86.29508388539975, 25.7949789,-80.28672341095405
40.78964545,-73.09731499551691, 39.19764875,-76.68258351960611
40.78964545,-73.09731499551691, 26.072017000000002,-80.15099673135214
40.78964545,-73.09731499551691, 26.715364,-80.0532942
43.6087926,-110.73803248494762, 39.8606676,-104.68536732610298
43.6087926,-110.73803248494762, 32.89651945,-97.0465220537124
43.6087926,-110.73803248494762, 41.97795725,-87.90920910980722
43.6087926,-110.73803248494762, 37.622451999999996,-122.38398938548363
30.49375,-81.69303816083792, 39.1014537,-84.5124602
30.49375,-81.69303816083792, 26.072017000000002,-80.15099673135214
30.49375,-81.69303816083792, 38.8950368,-77.0365427
30.49375,-81.69303816083792, 35.04625645,-89.97689466513185
30.49375,-81.69303816083792, 30.39782605,-84.35908394368526
40.642947899999996,-73.7793733748521, 42.9402016,-78.73075229745353
40.642947899999996,-73.7793733748521, 39.1014537,-84.5124602
40.642947899999996,-73.7793733748521, 38.8950368,-77.0365427
40.642947899999996,-73.7793733748521, 29.7589382,-95.3676974
40.642947899999996,-73.7793733748521, 29.9841416,-95.33298595614491
40.642947899999996,-73.7793733748521, 30.49375,-81.69303816083792
40.642947899999996,-73.7793733748521, 26.715364,-80.0532942
40.642947899999996,-73.7793733748521, 32.7174202,-117.1627728
40.642947899999996,-73.7793733748521, 27.9791649,-82.5349276153517
19.743906,-156.0422959812206, 41.97795725,-87.90920910980722
55.353764749999996,-131.7083563288072, 58.3566191,-134.58019300175383
42.7337712,-84.5553805, 42.205699100000004,-83.35297537621658
36.0861034,-115.16111989849915, 35.2208033,-101.70973292853489
36.0861034,-115.16111989849915, 36.11958985,-86.68308703291842
36.0861034,-115.16111989849915, 42.9402016,-78.73075229745353
36.0861034,-115.16111989849915, 39.19764875,-76.68258351960611
36.0861034,-115.16111989849915, 47.620044050000004,-117.54236665513882
36.0861034,-115.16111989849915, 21.32040435,-157.9173135198164
36.0861034,-115.16111989849915, 41.8239891,-71.4128343
33.94216754999999,-118.42139298414197, 30.19348925,-97.66500963529677
33.94216754999999,-118.42139298414197, 36.11958985,-86.68308703291842
33.94216754999999,-118.42139298414197, 39.19764875,-76.68258351960611
33.94216754999999,-118.42139298414197, 38.8004299,-104.70327708699932
33.94216754999999,-118.42139298414197, 31.8092748,-106.36664263248113
33.94216754999999,-118.42139298414197, 32.792,-115.563051
33.94216754999999,-118.42139298414197, 36.0861034,-115.16111989849915
33.94216754999999,-118.42139298414197, 21.97206585,-159.33671538390365
33.94216754999999,-118.42139298414197, 41.7854316,-87.75084869357148
33.94216754999999,-118.42139298414197, 27.9791649,-82.5349276153517
33.94216754999999,-118.42139298414197, 36.19914,-95.8867383912098
33.66525745,-101.82668866739934, 32.84524055,-96.84732187569065
38.03480425,-84.60492174770525, 32.89651945,-97.0465220537124
38.03480425,-84.60492174770525, 42.205699100000004,-83.35297537621658
38.03480425,-84.60492174770525, 29.9841416,-95.33298595614491
38.03480425,-84.60492174770525, 44.878019050000006,-93.2209280537696
40.7757145,-73.87336398511545, 33.63779875,-84.42927118585675
40.7757145,-73.87336398511545, 42.3554334,-71.060511
40.7757145,-73.87336398511545, 33.93886305,-81.1139715103596
40.7757145,-73.87336398511545, 38.3727111,-81.7073326
40.7757145,-73.87336398511545, 29.7589382,-95.3676974
40.7757145,-73.87336398511545, 41.7854316,-87.75084869357148
40.7757145,-73.87336398511545, 43.1420815,-89.33774533660622
40.7757145,-73.87336398511545, 44.878019050000006,-93.2209280537696
40.7757145,-73.87336398511545, 33.680640600000004,-78.92905970872894
40.7757145,-73.87336398511545, 41.2587459,-95.9383758
40.7757145,-73.87336398511545, 27.9791649,-82.5349276153517
33.815565899999996,-118.15342922166721, 38.687223450000005,-121.5903702806319
34.7311092,-92.22457817801748, 32.84524055,-96.84732187569065
34.7311092,-92.22457817801748, 29.9841416,-95.33298595614491
40.84731465,-96.75744255958236, 44.878019050000006,-93.2209280537696
43.878607,-91.25557153542314, 42.205699100000004,-83.35297537621658
31.9370282,-102.4154247, 29.7589382,-95.3676974
31.9370282,-102.4154247, 29.9841416,-95.33298595614491
39.3023103,-94.72118991743454, 36.11958985,-86.68308703291842
28.412903550000003,-81.30944309752753, 33.563500000000005,-86.75151249023227
28.412903550000003,-81.30944309752753, 36.527800049999996,-93.19781657947979
28.412903550000003,-81.30944309752753, 18.49346055,-67.13421586611547
28.412903550000003,-81.30944309752753, 40.9152061,-81.43992419328089
28.412903550000003,-81.30944309752753, 39.1014537,-84.5124602
28.412903550000003,-81.30944309752753, 42.9632405,-85.6678639
28.412903550000003,-81.30944309752753, 36.0861034,-115.16111989849915
28.412903550000003,-81.30944309752753, 44.878019050000006,-93.2209280537696
28.412903550000003,-81.30944309752753, 41.97795725,-87.90920910980722
28.412903550000003,-81.30944309752753, 18.008885999999997,-66.5633497464292
28.412903550000003,-81.30944309752753, 32.7174202,-117.1627728
28.412903550000003,-81.30944309752753, 35.9603948,-83.9210261
40.193209800000005,-76.75294587287746, 33.63779875,-84.42927118585675
40.193209800000005,-76.75294587287746, 39.1014537,-84.5124602
41.7854316,-87.75084869357148, 42.205699100000004,-83.35297537621658
41.7854316,-87.75084869357148, 47.620044050000004,-117.54236665513882
41.7854316,-87.75084869357148, 37.649253,-97.43226330309298
41.7854316,-87.75084869357148, 36.0861034,-115.16111989849915
41.7854316,-87.75084869357148, 39.3023103,-94.72118991743454
41.7854316,-87.75084869357148, 37.7120907,-122.21450262406256
41.7854316,-87.75084869357148, 43.1161699,-77.67269338979611
41.7854316,-87.75084869357148, 37.3633278,-121.92933857603218
41.7854316,-87.75084869357148, 32.11237945,-110.93938747808727
35.04625645,-89.97689466513185, 39.8606676,-104.68536732610298
35.04625645,-89.97689466513185, 25.7949789,-80.28672341095405
35.04625645,-89.97689466513185, 41.2587459,-95.9383758
35.04625645,-89.97689466513185, 39.875018,-75.23521278969667
35.04625645,-89.97689466513185, 37.24298375,-93.3889140611615
42.3727441,-122.87343834417277, 40.790066100000004,-111.97989846185591
32.29656065,-86.39039567484974, 32.89651945,-97.0465220537124
42.93066555,-71.43882646608829, 33.63779875,-84.42927118585675
42.93066555,-71.43882646608829, 35.21074145,-80.9457435226013
42.93066555,-71.43882646608829, 41.97795725,-87.90920910980722
25.7949789,-80.28672341095405, 35.9824519,-79.9741745
25.7949789,-80.28672341095405, 29.9841416,-95.33298595614491
25.7949789,-80.28672341095405, 40.7757145,-73.87336398511545
25.7949789,-80.28672341095405, 44.878019050000006,-93.2209280537696
25.7949789,-80.28672341095405, 39.875018,-75.23521278969667
42.9461717,-87.9138891, 42.3554334,-71.060511
42.9461717,-87.9138891, 35.21074145,-80.9457435226013
42.9461717,-87.9138891, 33.43289075,-112.00942230268426
41.44772135,-90.51146650735623, 41.97795725,-87.90920910980722
37.6432525,-118.9668509, 37.622451999999996,-122.38398938548363
48.25794645,-101.27700504346882, 39.8606676,-104.68536732610298
36.58705795,-121.84193978436595, 33.94216754999999,-118.42139298414197
43.1420815,-89.33774533660622, 42.9461717,-87.9138891
44.878019050000006,-93.2209280537696, 35.037669449999996,-106.61096752176844
44.878019050000006,-93.2209280537696, 45.4649805,-98.487813
44.878019050000006,-93.2209280537696, 45.07879025,-83.5599967583827
44.878019050000006,-93.2209280537696, 41.764582,-72.6908547
44.878019050000006,-93.2209280537696, 41.406618550000005,-81.85120214358412
44.878019050000006,-93.2209280537696, 41.534549299999995,-93.65923944589736
44.878019050000006,-93.2209280537696, 40.4844693,-107.220936
44.878019050000006,-93.2209280537696, 29.9841416,-95.33298595614491
44.878019050000006,-93.2209280537696, 39.7162533,-86.29508388539975
44.878019050000006,-93.2209280537696, 39.3023103,-94.72118991743454
44.878019050000006,-93.2209280537696, 28.412903550000003,-81.30944309752753
44.878019050000006,-93.2209280537696, 35.04625645,-89.97689466513185
44.878019050000006,-93.2209280537696, 41.44772135,-90.51146650735623
44.878019050000006,-93.2209280537696, 43.1420815,-89.33774533660622
44.878019050000006,-93.2209280537696, 46.91686665,-114.08780053891442
44.878019050000006,-93.2209280537696, 40.49178275,-80.23702448873742
44.878019050000006,-93.2209280537696, 44.0448069,-103.06068012445681
44.878019050000006,-93.2209280537696, 37.5073698,-77.3336845
44.878019050000006,-93.2209280537696, 26.53294975,-81.75880562612211
44.878019050000006,-93.2209280537696, 47.4475673,-122.3080158569515
44.878019050000006,-93.2209280537696, 18.465299,-66.116666
44.878019050000006,-93.2209280537696, 33.67420559999999,-117.86801480770461
29.9759983,-90.0782127, 33.563500000000005,-86.75151249023227
29.9759983,-90.0782127, 38.8950368,-77.0365427
29.9759983,-90.0782127, 30.40711375,-89.07143302103171
29.9759983,-90.0782127, 29.7589382,-95.3676974
29.9759983,-90.0782127, 36.0861034,-115.16111989849915
29.9759983,-90.0782127, 33.94216754999999,-118.42139298414197
29.9759983,-90.0782127, 41.7854316,-87.75084869357148
29.9759983,-90.0782127, 25.7949789,-80.28672341095405
29.9759983,-90.0782127, 44.878019050000006,-93.2209280537696
29.9759983,-90.0782127, 33.43289075,-112.00942230268426
37.7120907,-122.21450262406256, 30.19348925,-97.66500963529677
37.7120907,-122.21450262406256, 33.815565899999996,-118.15342922166721
37.7120907,-122.21450262406256, 39.3023103,-94.72118991743454
20.89569785,-156.43404764122727, 39.8606676,-104.68536732610298
20.89569785,-156.43404764122727, 32.7174202,-117.1627728
20.89569785,-156.43404764122727, 47.4475673,-122.3080158569515
35.3848053,-97.60534425082406, 39.8606676,-104.68536732610298
35.3848053,-97.60534425082406, 28.412903550000003,-81.30944309752753
41.2587459,-95.9383758, 39.8606676,-104.68536732610298
41.2587459,-95.9383758, 32.89651945,-97.0465220537124
64.5124643,-165.4560373774767, 66.8836843,-162.61074661016386
34.05414245,-117.59915769373036, 36.0861034,-115.16111989849915
41.97795725,-87.90920910980722, 42.748015949999996,-73.79855563763934
41.97795725,-87.90920910980722, 43.9896298,-76.02236707148876
41.97795725,-87.90920910980722, 39.2208967,-106.86697301509874
41.97795725,-87.90920910980722, 30.19348925,-97.66500963529677
41.97795725,-87.90920910980722, 45.809234849999996,-108.54767517885944
41.97795725,-87.90920910980722, 36.11958985,-86.68308703291842
41.97795725,-87.90920910980722, 44.472896500000004,-73.15146310750751
41.97795725,-87.90920910980722, 38.8004299,-104.70327708699932
41.97795725,-87.90920910980722, 38.8168307,-92.2198931
41.97795725,-87.90920910980722, 43.58273465,-96.74120311335915
41.97795725,-87.90920910980722, 30.49375,-81.69303816083792
41.97795725,-87.90920910980722, 36.0861034,-115.16111989849915
41.97795725,-87.90920910980722, 38.03480425,-84.60492174770525
41.97795725,-87.90920910980722, 35.3848053,-97.60534425082406
41.97795725,-87.90920910980722, 37.5073698,-77.3336845
41.97795725,-87.90920910980722, 32.7174202,-117.1627728
41.97795725,-87.90920910980722, 40.790066100000004,-111.97989846185591
36.8946697,-76.20229629965002, 32.89651945,-97.0465220537124
36.8946697,-76.20229629965002, 40.7757145,-73.87336398511545
36.8946697,-76.20229629965002, 41.7854316,-87.75084869357148
37.0833893,-88.6000478, 41.97795725,-87.90920910980722
26.715364,-80.0532942, 35.21074145,-80.9457435226013
26.715364,-80.0532942, 41.97795725,-87.90920910980722
26.715364,-80.0532942, 39.875018,-75.23521278969667
45.58902115,-122.5935717503766, 43.55988165,-116.20782253098173
45.58902115,-122.5935717503766, 34.19629105,-118.35441727681797
45.58902115,-122.5935717503766, 44.123068149999995,-123.21390830141057
45.58902115,-122.5935717503766, 33.67420559999999,-117.86801480770461
45.58902115,-122.5935717503766, 32.11237945,-110.93938747808727
37.132296499999995,-76.49401292414504, 39.8606676,-104.68536732610298
39.875018,-75.23521278969667, 40.7757145,-73.87336398511545
39.875018,-75.23521278969667, 26.715364,-80.0532942
39.875018,-75.23521278969667, 38.74962725,-90.37047024952082
33.43289075,-112.00942230268426, 34.19629105,-118.35441727681797
33.43289075,-112.00942230268426, 35.21074145,-80.9457435226013
33.43289075,-112.00942230268426, 39.1014537,-84.5124602
33.43289075,-112.00942230268426, 35.140398250000004,-111.67020441781051
33.43289075,-112.00942230268426, 33.815565899999996,-118.15342922166721
33.43289075,-112.00942230268426, 41.7854316,-87.75084869357148
33.43289075,-112.00942230268426, 42.9461717,-87.9138891
33.43289075,-112.00942230268426, 29.9759983,-90.0782127
33.43289075,-112.00942230268426, 41.2587459,-95.9383758
33.43289075,-112.00942230268426, 32.7174202,-117.1627728
33.43289075,-112.00942230268426, 29.5334021,-98.46921443046924
33.43289075,-112.00942230268426, 37.622451999999996,-122.38398938548363
40.6652029,-89.69682574521849, 41.97795725,-87.90920910980722
40.49178275,-80.23702448873742, 39.1014537,-84.5124602
40.49178275,-80.23702448873742, 44.878019050000006,-93.2209280537696
40.49178275,-80.23702448873742, 41.97795725,-87.90920910980722
40.49178275,-80.23702448873742, 35.880361449999995,-78.78723821716514
30.4725975,-87.18808592919096, 41.97795725,-87.90920910980722
33.83033915,-116.50964534531111, 33.94216754999999,-118.42139298414197
33.83033915,-116.50964534531111, 40.790066100000004,-111.97989846185591
41.8239891,-71.4128343, 35.21074145,-80.9457435226013
41.8239891,-71.4128343, 39.8606676,-104.68536732610298
35.880361449999995,-78.78723821716514, 42.3554334,-71.060511
35.880361449999995,-78.78723821716514, 38.8950368,-77.0365427
35.880361449999995,-78.78723821716514, 40.68906405,-74.17725485035348
35.880361449999995,-78.78723821716514, 38.8950368,-77.0365427
35.880361449999995,-78.78723821716514, 29.9841416,-95.33298595614491
37.5073698,-77.3336845, 32.89651945,-97.0465220537124
37.5073698,-77.3336845, 29.9841416,-95.33298595614491
41.59507585,-109.06842143015916, 40.790066100000004,-111.97989846185591
43.1161699,-77.67269338979611, 40.642947899999996,-73.7793733748521
43.1161699,-77.67269338979611, 44.878019050000006,-93.2209280537696
43.1161699,-77.67269338979611, 41.97795725,-87.90920910980722
26.53294975,-81.75880562612211, 40.9152061,-81.43992419328089
26.53294975,-81.75880562612211, 39.1014537,-84.5124602
26.53294975,-81.75880562612211, 38.8950368,-77.0365427
26.53294975,-81.75880562612211, 32.89651945,-97.0465220537124
26.53294975,-81.75880562612211, 39.7162533,-86.29508388539975
26.53294975,-81.75880562612211, 40.7757145,-73.87336398511545
26.53294975,-81.75880562612211, 41.7854316,-87.75084869357148
26.53294975,-81.75880562612211, 44.878019050000006,-93.2209280537696
26.53294975,-81.75880562612211, 41.97795725,-87.90920910980722
35.6177681,-106.0866685, 39.8606676,-104.68536732610298
35.6177681,-106.0866685, 32.89651945,-97.0465220537124
32.7174202,-117.1627728, 21.32040435,-157.9173135198164
32.7174202,-117.1627728, 21.97206585,-159.33671538390365
32.7174202,-117.1627728, 20.89569785,-156.43404764122727
32.7174202,-117.1627728, 33.43289075,-112.00942230268426
29.5334021,-98.46921443046924, 33.63779875,-84.42927118585675
29.5334021,-98.46921443046924, 42.205699100000004,-83.35297537621658
29.5334021,-98.46921443046924, 31.8092748,-106.36664263248113
29.5334021,-98.46921443046924, 40.68906405,-74.17725485035348
29.5334021,-98.46921443046924, 29.7589382,-95.3676974
29.5334021,-98.46921443046924, 44.878019050000006,-93.2209280537696
29.5334021,-98.46921443046924, 41.97795725,-87.90920910980722
29.5334021,-98.46921443046924, 47.4475673,-122.3080158569515
29.5334021,-98.46921443046924, 40.790066100000004,-111.97989846185591
32.12423765,-81.19770644774445, 32.89651945,-97.0465220537124
32.12423765,-81.19770644774445, 38.8950368,-77.0365427
32.12423765,-81.19770644774445, 29.9841416,-95.33298595614491
32.12423765,-81.19770644774445, 41.97795725,-87.90920910980722
34.4221319,-119.702667, 39.8606676,-104.68536732610298
41.708347950000004,-86.32303457180205, 42.205699100000004,-83.35297537621658
38.1716962,-85.73540756381095, 38.8950368,-77.0365427
38.1716962,-85.73540756381095, 44.878019050000006,-93.2209280537696
38.1716962,-85.73540756381095, 33.43289075,-112.00942230268426
47.4475673,-122.3080158569515, 36.11958985,-86.68308703291842
47.4475673,-122.3080158569515, 34.19629105,-118.35441727681797
47.4475673,-122.3080158569515, 40.68906405,-74.17725485035348
47.4475673,-122.3080158569515, 64.81761,-147.86784231862563
47.4475673,-122.3080158569515, 38.8950368,-77.0365427
47.4475673,-122.3080158569515, 40.642947899999996,-73.7793733748521
47.4475673,-122.3080158569515, 25.7949789,-80.28672341095405
47.4475673,-122.3080158569515, 37.7120907,-122.21450262406256
47.4475673,-122.3080158569515, 38.74962725,-90.37047024952082
37.622451999999996,-122.38398938548363, 40.9763645,-124.10842589937442
37.622451999999996,-122.38398938548363, 45.78359005,-111.15697962783483
37.622451999999996,-122.38398938548363, 34.05414245,-117.59915769373036
37.622451999999996,-122.38398938548363, 39.498646199999996,-119.77333186086474
37.622451999999996,-122.38398938548363, 32.7174202,-117.1627728
37.622451999999996,-122.38398938548363, 34.4221319,-119.702667
37.24298375,-93.3889140611615, 41.97795725,-87.90920910980722
37.24298375,-93.3889140611615, 36.0625843,-94.1574328
32.4451121,-93.82673715989384, 39.8606676,-104.68536732610298
37.3633278,-121.92933857603218, 42.3554334,-71.060511
37.3633278,-121.92933857603218, 39.8606676,-104.68536732610298
37.3633278,-121.92933857603218, 40.642947899999996,-73.7793733748521
18.465299,-66.116666, 33.63779875,-84.42927118585675
18.465299,-66.116666, 42.3554334,-71.060511
18.465299,-66.116666, 38.8950368,-77.0365427
18.465299,-66.116666, 29.9841416,-95.33298595614491
40.790066100000004,-111.97989846185591, 30.19348925,-97.66500963529677
40.790066100000004,-111.97989846185591, 36.11958985,-86.68308703291842
40.790066100000004,-111.97989846185591, 45.78359005,-111.15697962783483
40.790066100000004,-111.97989846185591, 39.8606676,-104.68536732610298
40.790066100000004,-111.97989846185591, 42.205699100000004,-83.35297537621658
40.790066100000004,-111.97989846185591, 48.202158,-114.315321
40.790066100000004,-111.97989846185591, 38.8950368,-77.0365427
40.790066100000004,-111.97989846185591, 42.3727441,-122.87343834417277
40.790066100000004,-111.97989846185591, 41.97795725,-87.90920910980722
40.790066100000004,-111.97989846185591, 29.5334021,-98.46921443046924
38.687223450000005,-121.5903702806319, 47.4475673,-122.3080158569515
38.687223450000005,-121.5903702806319, 33.67420559999999,-117.86801480770461
33.67420559999999,-117.86801480770461, 44.878019050000006,-93.2209280537696
33.67420559999999,-117.86801480770461, 37.7120907,-122.21450262406256
33.966119899999995,-98.48989708937393, 32.89651945,-97.0465220537124
38.74962725,-90.37047024952082, 36.0861034,-115.16111989849915
38.74962725,-90.37047024952082, 34.7311092,-92.22457817801748
38.74962725,-90.37047024952082, 29.9759983,-90.0782127
38.74962725,-90.37047024952082, 35.880361449999995,-78.78723821716514
18.33476905,-64.9724536459818, 35.21074145,-80.9457435226013
42.4036084,-96.3836488, 41.97795725,-87.90920910980722
43.1141752,-76.11914451143608, 40.68906405,-74.17725485035348
43.1141752,-76.11914451143608, 38.8950368,-77.0365427
30.39782605,-84.35908394368526, 25.7949789,-80.28672341095405
27.9791649,-82.5349276153517, 41.764582,-72.6908547
27.9791649,-82.5349276153517, 33.563500000000005,-86.75151249023227
27.9791649,-82.5349276153517, 42.9402016,-78.73075229745353
27.9791649,-82.5349276153517, 35.21074145,-80.9457435226013
27.9791649,-82.5349276153517, 42.9632405,-85.6678639
27.9791649,-82.5349276153517, 29.9759983,-90.0782127
27.9791649,-82.5349276153517, 18.465299,-66.116666
36.19914,-95.8867383912098, 33.43289075,-112.00942230268426
32.11237945,-110.93938747808727, 47.4475673,-122.3080158569515
42.4817,-114.4877, 40.790066100000004,-111.97989846185591
35.9603948,-83.9210261, 41.97795725,-87.90920910980722
36.0625843,-94.1574328, 41.97795725,-87.90920910980722
35.037669449999996,-106.61096752176844, 32.89651945,-97.0465220537124
61.18103525,-149.99789189730433, 60.7789171,-161.83811516174447
61.18103525,-149.99789189730433, 33.815565899999996,-118.15342922166721
61.18103525,-149.99789189730433, 44.878019050000006,-93.2209280537696
61.18103525,-149.99789189730433, 47.4475673,-122.3080158569515
39.2208967,-106.86697301509874, 41.97795725,-87.90920910980722
33.63779875,-84.42927118585675, 44.472896500000004,-73.15146310750751
33.63779875,-84.42927118585675, 30.77831025,-83.2780341085929
30.19348925,-97.66500963529677, 33.66525745,-101.82668866739934
30.19348925,-97.66500963529677, 28.412903550000003,-81.30944309752753
41.33709205,-75.72257122928625, 42.205699100000004,-83.35297537621658
42.2307865,-85.5510419237961, 42.205699100000004,-83.35297537621658
33.563500000000005,-86.75151249023227, 26.072017000000002,-80.15099673135214
33.563500000000005,-86.75151249023227, 41.7854316,-87.75084869357148
46.7964145,-100.8196359, 45.4649805,-98.487813
43.55988165,-116.20782253098173, 32.7174202,-117.1627728
42.3554334,-71.060511, 42.9461717,-87.9138891
30.5319743,-91.15042415051039, 30.203161700000003,-91.98991065628175
42.9402016,-78.73075229745353, 40.7757145,-73.87336398511545
34.19629105,-118.35441727681797, 37.7120907,-122.21450262406256
39.19764875,-76.68258351960611, 30.49375,-81.69303816083792
39.19764875,-76.68258351960611, 29.5334021,-98.46921443046924
32.89929845,-80.03946503050427, 40.68906405,-74.17725485035348
32.89929845,-80.03946503050427, 29.7589382,-95.3676974
41.406618550000005,-81.85120214358412, 25.7949789,-80.28672341095405
35.21074145,-80.9457435226013, 34.63699305,-86.76383388377238
35.21074145,-80.9457435226013, 29.9841416,-95.33298595614491
35.21074145,-80.9457435226013, 44.878019050000006,-93.2209280537696
39.99705605,-82.89304061484347, 33.63779875,-84.42927118585675
44.520751950000005,-109.02185342965336, 40.790066100000004,-111.97989846185591
39.905318699999995,-84.22024542480268, 39.19764875,-76.68258351960611
39.905318699999995,-84.22024542480268, 41.406618550000005,-81.85120214358412
38.8950368,-77.0365427, 30.5319743,-91.15042415051039
38.8950368,-77.0365427, 33.43289075,-112.00942230268426
38.8950368,-77.0365427, 18.465299,-66.116666
39.8606676,-104.68536732610298, 30.49375,-81.69303816083792
39.8606676,-104.68536732610298, 48.25794645,-101.27700504346882
32.89651945,-97.0465220537124, 29.938360000000003,-93.98706961182776
32.89651945,-97.0465220537124, 32.4941317,-94.7277716
32.89651945,-97.0465220537124, 43.6087926,-110.73803248494762
32.89651945,-97.0465220537124, 32.29656065,-86.39039567484974
32.89651945,-97.0465220537124, 40.49178275,-80.23702448873742
41.534549299999995,-93.65923944589736, 40.7757145,-73.87336398511545
42.205699100000004,-83.35297537621658, 45.07879025,-83.5599967583827
42.205699100000004,-83.35297537621658, 40.7757145,-73.87336398511545
42.205699100000004,-83.35297537621658, 32.12423765,-81.19770644774445
40.68906405,-74.17725485035348, 21.32040435,-157.9173135198164
40.68906405,-74.17725485035348, 42.9461717,-87.9138891
40.68906405,-74.17725485035348, 41.2587459,-95.9383758
40.68906405,-74.17725485035348, 44.7606441,-85.6165301
26.072017000000002,-80.15099673135214, 36.11958985,-86.68308703291842
26.072017000000002,-80.15099673135214, 35.21074145,-80.9457435226013
26.072017000000002,-80.15099673135214, 29.9841416,-95.33298595614491
40.9798288,-85.18791163159256, 32.89651945,-97.0465220537124
40.9798288,-85.18791163159256, 44.878019050000006,-93.2209280537696
37.929671150000004,-100.72643189287152, 32.89651945,-97.0465220537124
47.620044050000004,-117.54236665513882, 37.7120907,-122.21450262406256
42.9632405,-85.6678639, 33.63779875,-84.42927118585675
42.9632405,-85.6678639, 29.9841416,-95.33298595614491
29.7589382,-95.3676974, 40.68906405,-74.17725485035348
29.7589382,-95.3676974, 40.49178275,-80.23702448873742
41.0680174,-73.70833333823488, 41.97795725,-87.90920910980722
34.63699305,-86.76383388377238, 32.89651945,-97.0465220537124
38.8950368,-77.0365427, 33.43289075,-112.00942230268426
38.8950368,-77.0365427, 36.19914,-95.8867383912098
29.9841416,-95.33298595614491, 32.89929845,-80.03946503050427
29.9841416,-95.33298595614491, 33.83033915,-116.50964534531111
39.7162533,-86.29508388539975, 42.3554334,-71.060511
30.49375,-81.69303816083792, 39.8606676,-104.68536732610298
30.49375,-81.69303816083792, 25.7949789,-80.28672341095405
30.49375,-81.69303816083792, 44.878019050000006,-93.2209280537696
58.3566191,-134.58019300175383, 56.80197975,-132.94493105430846
58.3566191,-134.58019300175383, 59.500813550000004,-139.64408083356284
36.0861034,-115.16111989849915, 42.93066555,-71.43882646608829
33.94216754999999,-118.42139298414197, 61.18103525,-149.99789189730433
33.94216754999999,-118.42139298414197, 47.4475673,-122.3080158569515
40.7757145,-73.87336398511545, 38.8950368,-77.0365427
40.7757145,-73.87336398511545, 37.5073698,-77.3336845
40.7757145,-73.87336398511545, 27.395988350000003,-82.55407423064528
40.7757145,-73.87336398511545, 35.9603948,-83.9210261
33.815565899999996,-118.15342922166721, 38.8950368,-77.0365427
21.97206585,-159.33671538390365, 21.32040435,-157.9173135198164
42.156436549999995,-121.7327761549667, 37.622451999999996,-122.38398938548363
39.3023103,-94.72118991743454, 41.7854316,-87.75084869357148
39.1713656,-96.59393685497088, 41.97795725,-87.90920910980722
42.9461717,-87.9138891, 41.406618550000005,-81.85120214358412
43.1420815,-89.33774533660622, 41.97795725,-87.90920910980722
44.878019050000006,-93.2209280537696, 41.97795725,-87.90920910980722
44.878019050000006,-93.2209280537696, 33.43289075,-112.00942230268426
44.878019050000006,-93.2209280537696, 45.6314535,-89.47897405074303
38.3996962,-107.8330195, 40.68906405,-74.17725485035348
37.7120907,-122.21450262406256, 36.0861034,-115.16111989849915
35.3848053,-97.60534425082406, 40.68906405,-74.17725485035348
41.2587459,-95.9383758, 42.205699100000004,-83.35297537621658
41.97795725,-87.90920910980722, 35.9824519,-79.9741745
41.97795725,-87.90920910980722, 33.94216754999999,-118.42139298414197
41.97795725,-87.90920910980722, 43.1161699,-77.67269338979611
36.8946697,-76.20229629965002, 30.49375,-81.69303816083792
33.43289075,-112.00942230268426, 40.68906405,-74.17725485035348
33.43289075,-112.00942230268426, 39.875018,-75.23521278969667
33.43289075,-112.00942230268426, 38.687223450000005,-121.5903702806319
40.6652029,-89.69682574521849, 32.89651945,-97.0465220537124
40.49178275,-80.23702448873742, 35.9824519,-79.9741745
40.49178275,-80.23702448873742, 29.7589382,-95.3676974
39.498646199999996,-119.77333186086474, 39.8606676,-104.68536732610298
32.7174202,-117.1627728, 37.6432525,-118.9668509
32.7174202,-117.1627728, 45.58902115,-122.5935717503766
32.12423765,-81.19770644774445, 33.63779875,-84.42927118585675
41.708347950000004,-86.32303457180205, 33.63779875,-84.42927118585675
47.4475673,-122.3080158569515, 28.412903550000003,-81.30944309752753
37.622451999999996,-122.38398938548363, 35.3738712,-119.0194639
37.622451999999996,-122.38398938548363, 42.3727441,-122.87343834417277
40.790066100000004,-111.97989846185591, 36.0861034,-115.16111989849915
40.790066100000004,-111.97989846185591, 43.1420815,-89.33774533660622
40.790066100000004,-111.97989846185591, 35.3848053,-97.60534425082406
40.790066100000004,-111.97989846185591, 37.622451999999996,-122.38398938548363
40.790066100000004,-111.97989846185591, 32.11237945,-110.93938747808727
38.687223450000005,-121.5903702806319, 41.97795725,-87.90920910980722
38.687223450000005,-121.5903702806319, 32.7174202,-117.1627728
38.74962725,-90.37047024952082, 39.99705605,-82.89304061484347
38.74962725,-90.37047024952082, 32.89651945,-97.0465220537124
38.74962725,-90.37047024952082, 42.9632405,-85.6678639
44.7606441,-85.6165301, 41.406618550000005,-81.85120214358412